Workbook
Name TeamList: Teams!$B$3:$B$52

Sheet Setup
A1: ⚽ Boules Tournament Manager
A3: TOURNAMENT DETAILS
A4: Tournament Name | B4: My Tournament
A5: Description
A6: Number of Divisions | B6: 2
A7: Games per Match | B7: 3
A8: Points for a Win | B8: 2
A9: Points for a Draw | B9: 1
A10: Points for a Loss | B10: 0
A12: STAGES INCLUDED
A13: Initial Round | B13: Yes
A14: Quarter-Finals | B14: No
A15: Semi-Finals | B15: Yes
A16: Finals | B16: Yes
A18: HOW TO USE THIS SPREADSHEET
A19: 1. Setup tab | B19: Fill in your tournament details above (yellow cells).
A20: 2. Teams tab | B20: Add all teams with their division (A, B, C, D...) and captain details.
A21: 3. Generate Matches | B21: Use the macro button on the Matches tab to auto-generate the round-robin schedule.
A22: 4. Enter Scores | B22: On the Matches tab, enter scores as matches are played. Winner & Status auto-calculate.
A23: 5. Leaderboard | B23: View the Leaderboard tab for live standings. Select a Stage using the dropdown.
A24: 6. Macro Setup | B24: To enable the Generate Matches button: open Excel, press Alt+F11, insert a Module,
B25: paste the VBA code from the 'Macro Code' tab, then close the VBA editor.
B26: Save the file as .xlsm (macro-enabled) to preserve the button.

Sheet Teams
A1: TEAMS
A2: Division | B2: Team Name | C2: Captain Name | D2: Captain Phone | E2: Captain Email

Sheet Matches
A1: MATCHES
A2: Date | B2: Stage | C2: Division | D2: Team 1 | E2: Team 2 | F2: G1 T1 | G2: G1 T2 | H2: G2 T1 | I2: G2 T2 | J2: G3 T1 | K2: G3 T2 | L2: Total T1 | M2: Total T2 | N2: Winner | O2: Status
L3: =IF(AND(D3="",E3=""),"",IFERROR(IF(F3<>"",F3,0)+IF(H3<>"",H3,0)+IF(J3<>"",J3,0),"")) | M3: =IF(AND(D3="",E3=""),"",IFERROR(IF(G3<>"",G3,0)+IF(I3<>"",I3,0)+IF(K3<>"",K3,0),"")) | N3: =IF(OR(L3="",M3=""),"",IF(L3>M3,D3,IF(M3>L3,E3,"Draw"))) | O3: =IF(AND(D3="",E3=""),"",IF(AND(L3<>"",M3<>""),"Completed","Scheduled"))
L4: =IF(AND(D4="",E4=""),"",IFERROR(IF(F4<>"",F4,0)+IF(H4<>"",H4,0)+IF(J4<>"",J4,0),"")) | M4: =IF(AND(D4="",E4=""),"",IFERROR(IF(G4<>"",G4,0)+IF(I4<>"",I4,0)+IF(K4<>"",K4,0),"")) | N4: =IF(OR(L4="",M4=""),"",IF(L4>M4,D4,IF(M4>L4,E4,"Draw"))) | O4: =IF(AND(D4="",E4=""),"",IF(AND(L4<>"",M4<>""),"Completed","Scheduled"))
L5: =IF(AND(D5="",E5=""),"",IFERROR(IF(F5<>"",F5,0)+IF(H5<>"",H5,0)+IF(J5<>"",J5,0),"")) | M5: =IF(AND(D5="",E5=""),"",IFERROR(IF(G5<>"",G5,0)+IF(I5<>"",I5,0)+IF(K5<>"",K5,0),"")) | N5: =IF(OR(L5="",M5=""),"",IF(L5>M5,D5,IF(M5>L5,E5,"Draw"))) | O5: =IF(AND(D5="",E5=""),"",IF(AND(L5<>"",M5<>""),"Completed","Scheduled"))
L6: =IF(AND(D6="",E6=""),"",IFERROR(IF(F6<>"",F6,0)+IF(H6<>"",H6,0)+IF(J6<>"",J6,0),"")) | M6: =IF(AND(D6="",E6=""),"",IFERROR(IF(G6<>"",G6,0)+IF(I6<>"",I6,0)+IF(K6<>"",K6,0),"")) | N6: =IF(OR(L6="",M6=""),"",IF(L6>M6,D6,IF(M6>L6,E6,"Draw"))) | O6: =IF(AND(D6="",E6=""),"",IF(AND(L6<>"",M6<>""),"Completed","Scheduled"))
L7: =IF(AND(D7="",E7=""),"",IFERROR(IF(F7<>"",F7,0)+IF(H7<>"",H7,0)+IF(J7<>"",J7,0),"")) | M7: =IF(AND(D7="",E7=""),"",IFERROR(IF(G7<>"",G7,0)+IF(I7<>"",I7,0)+IF(K7<>"",K7,0),"")) | N7: =IF(OR(L7="",M7=""),"",IF(L7>M7,D7,IF(M7>L7,E7,"Draw"))) | O7: =IF(AND(D7="",E7=""),"",IF(AND(L7<>"",M7<>""),"Completed","Scheduled"))
L8: =IF(AND(D8="",E8=""),"",IFERROR(IF(F8<>"",F8,0)+IF(H8<>"",H8,0)+IF(J8<>"",J8,0),"")) | M8: =IF(AND(D8="",E8=""),"",IFERROR(IF(G8<>"",G8,0)+IF(I8<>"",I8,0)+IF(K8<>"",K8,0),"")) | N8: =IF(OR(L8="",M8=""),"",IF(L8>M8,D8,IF(M8>L8,E8,"Draw"))) | O8: =IF(AND(D8="",E8=""),"",IF(AND(L8<>"",M8<>""),"Completed","Scheduled"))
L9: =IF(AND(D9="",E9=""),"",IFERROR(IF(F9<>"",F9,0)+IF(H9<>"",H9,0)+IF(J9<>"",J9,0),"")) | M9: =IF(AND(D9="",E9=""),"",IFERROR(IF(G9<>"",G9,0)+IF(I9<>"",I9,0)+IF(K9<>"",K9,0),"")) | N9: =IF(OR(L9="",M9=""),"",IF(L9>M9,D9,IF(M9>L9,E9,"Draw"))) | O9: =IF(AND(D9="",E9=""),"",IF(AND(L9<>"",M9<>""),"Completed","Scheduled"))
L10: =IF(AND(D10="",E10=""),"",IFERROR(IF(F10<>"",F10,0)+IF(H10<>"",H10,0)+IF(J10<>"",J10,0),"")) | M10: =IF(AND(D10="",E10=""),"",IFERROR(IF(G10<>"",G10,0)+IF(I10<>"",I10,0)+IF(K10<>"",K10,0),"")) | N10: =IF(OR(L10="",M10=""),"",IF(L10>M10,D10,IF(M10>L10,E10,"Draw"))) | O10: =IF(AND(D10="",E10=""),"",IF(AND(L10<>"",M10<>""),"Completed","Scheduled"))
L11: =IF(AND(D11="",E11=""),"",IFERROR(IF(F11<>"",F11,0)+IF(H11<>"",H11,0)+IF(J11<>"",J11,0),"")) | M11: =IF(AND(D11="",E11=""),"",IFERROR(IF(G11<>"",G11,0)+IF(I11<>"",I11,0)+IF(K11<>"",K11,0),"")) | N11: =IF(OR(L11="",M11=""),"",IF(L11>M11,D11,IF(M11>L11,E11,"Draw"))) | O11: =IF(AND(D11="",E11=""),"",IF(AND(L11<>"",M11<>""),"Completed","Scheduled"))
L12: =IF(AND(D12="",E12=""),"",IFERROR(IF(F12<>"",F12,0)+IF(H12<>"",H12,0)+IF(J12<>"",J12,0),"")) | M12: =IF(AND(D12="",E12=""),"",IFERROR(IF(G12<>"",G12,0)+IF(I12<>"",I12,0)+IF(K12<>"",K12,0),"")) | N12: =IF(OR(L12="",M12=""),"",IF(L12>M12,D12,IF(M12>L12,E12,"Draw"))) | O12: =IF(AND(D12="",E12=""),"",IF(AND(L12<>"",M12<>""),"Completed","Scheduled"))
L13: =IF(AND(D13="",E13=""),"",IFERROR(IF(F13<>"",F13,0)+IF(H13<>"",H13,0)+IF(J13<>"",J13,0),"")) | M13: =IF(AND(D13="",E13=""),"",IFERROR(IF(G13<>"",G13,0)+IF(I13<>"",I13,0)+IF(K13<>"",K13,0),"")) | N13: =IF(OR(L13="",M13=""),"",IF(L13>M13,D13,IF(M13>L13,E13,"Draw"))) | O13: =IF(AND(D13="",E13=""),"",IF(AND(L13<>"",M13<>""),"Completed","Scheduled"))
L14: =IF(AND(D14="",E14=""),"",IFERROR(IF(F14<>"",F14,0)+IF(H14<>"",H14,0)+IF(J14<>"",J14,0),"")) | M14: =IF(AND(D14="",E14=""),"",IFERROR(IF(G14<>"",G14,0)+IF(I14<>"",I14,0)+IF(K14<>"",K14,0),"")) | N14: =IF(OR(L14="",M14=""),"",IF(L14>M14,D14,IF(M14>L14,E14,"Draw"))) | O14: =IF(AND(D14="",E14=""),"",IF(AND(L14<>"",M14<>""),"Completed","Scheduled"))
... L502: =IF(AND(D502="",E502=""),"",IFERROR(IF(F502<>"",F502,0)+IF(H502<>"",H502,0)+IF(J502<>"",J502,0),"")) | M502: =IF(AND(D502="",E502=""),"",IFERROR(IF(G502<>"",G502,0)+IF(I502<>"",I502,0)+IF(K502<>"",K502,0),"")) | N502: =IF(OR(L502="",M502=""),"",IF(L502>M502,D502,IF(M502>L502,E502,"Draw"))) | O502: =IF(AND(D502="",E502=""),"",IF(AND(L502<>"",M502<>""),"Completed","Scheduled"))

Sheet Leaderboard
A1: LEADERBOARD
A3: Stage: | B3: Initial | D3: ← Change stage to view different standings
A5: DIVISION A
A6: Pos | B6: Team | C6: Played | D6: Won | E6: Drawn | F6: Lost | G6: Points | H6: GF | I6: GA | J6: Diff
B7: =IFERROR(INDEX(Teams!$B$3:$B$52,SMALL(IF(Teams!$A$3:$A$52="A",ROW(Teams!$A$3:$A$52)-ROW(Teams!$A$3)+1),1)),"") | C7: =IFERROR(IF(B7="","",SUMPRODUCT((Matches!$B$3:$B$502=$B$3)*(Matches!$D$3:$D$502=B7)*(Matches!$O$3:$O$502="Completed"))+SUMPRODUCT((Matches!$B$3:$B$502=$B$3)*(Matches!$E$3:$E$502=B7)*(Matches!$O$3:$O$502="Completed"))),"—") | D7: =IFERROR(IF(B7="","",SUMPRODUCT((Matches!$B$3:$B$502=$B$3)*(Matches!$D$3:$D$502=B7)*(Matches!$N$3:$N$502=B7)*(Matches!$O$3:$O$502="Completed"))+SUMPRODUCT((Matches!$B$3:$B$502=$B$3)*(Matches!$E$3:$E$502=B7)*(Matches!$N$3:$N$502=B7)*(Matches!$O$3:$O$502="Completed"))),"—") | E7: =IFERROR(IF(B7="","",SUMPRODUCT((Matches!$B$3:$B$502=$B$3)*(Matches!$D$3:$D$502=B7)*(Matches!$N$3:$N$502="Draw")*(Matches!$O$3:$O$502="Completed"))+SUMPRODUCT((Matches!$B$3:$B$502=$B$3)*(Matches!$E$3:$E$502=B7)*(Matches!$N$3:$N$502="Draw")*(Matches!$O$3:$O$502="Completed"))),"—") | F7: =IFERROR(IF(B7="","",IF(ISNUMBER(C7),C7-D7-E7,"—")),"—") | G7: =IFERROR(IF(B7="","",IF(ISNUMBER(D7),D7*Setup!$B$8+E7*Setup!$B$9+F7*Setup!$B$10,"—")),"—") | H7: =IFERROR(IF(B7="","",SUMPRODUCT((Matches!$B$3:$B$502=$B$3)*(Matches!$D$3:$D$502=B7)*(Matches!$O$3:$O$502="Completed")*IF(ISNUMBER(Matches!$L$3:$L$502),Matches!$L$3:$L$502,0))+SUMPRODUCT((Matches!$B$3:$B$502=$B$3)*(Matches!$E$3:$E$502=B7)*(Matches!$O$3:$O$502="Completed")*IF(ISNUMBER(Matches!$M$3:$M$502),Matches!$M$3:$M$502,0))),"—") | I7: =IFERROR(IF(B7="","",SUMPRODUCT((Matches!$B$3:$B$502=$B$3)*(Matches!$D$3:$D$502=B7)*(Matches!$O$3:$O$502="Completed")*IF(ISNUMBER(Matches!$M$3:$M$502),Matches!$M$3:$M$502,0))+SUMPRODUCT((Matches!$B$3:$B$502=$B$3)*(Matches!$E$3:$E$502=B7)*(Matches!$O$3:$O$502="Completed")*IF(ISNUMBER(Matches!$L$3:$L$502),Matches!$L$3:$L$502,0))),"—") | J7: =IFERROR(IF(B7="","",IF(ISNUMBER(H7),H7-I7,"—")),"—")
B8: =IFERROR(INDEX(Teams!$B$3:$B$52,SMALL(IF(Teams!$A$3:$A$52="A",ROW(Teams!$A$3:$A$52)-ROW(Teams!$A$3)+1),2)),"") | C8: =IFERROR(IF(B8="","",SUMPRODUCT((Matches!$B$3:$B$502=$B$3)*(Matches!$D$3:$D$502=B8)*(Matches!$O$3:$O$502="Completed"))+SUMPRODUCT((Matches!$B$3:$B$502=$B$3)*(Matches!$E$3:$E$502=B8)*(Matches!$O$3:$O$502="Completed"))),"—") | D8: =IFERROR(IF(B8="","",SUMPRODUCT((Matches!$B$3:$B$502=$B$3)*(Matches!$D$3:$D$502=B8)*(Matches!$N$3:$N$502=B8)*(Matches!$O$3:$O$502="Completed"))+SUMPRODUCT((Matches!$B$3:$B$502=$B$3)*(Matches!$E$3:$E$502=B8)*(Matches!$N$3:$N$502=B8)*(Matches!$O$3:$O$502="Completed"))),"—") | E8: =IFERROR(IF(B8="","",SUMPRODUCT((Matches!$B$3:$B$502=$B$3)*(Matches!$D$3:$D$502=B8)*(Matches!$N$3:$N$502="Draw")*(Matches!$O$3:$O$502="Completed"))+SUMPRODUCT((Matches!$B$3:$B$502=$B$3)*(Matches!$E$3:$E$502=B8)*(Matches!$N$3:$N$502="Draw")*(Matches!$O$3:$O$502="Completed"))),"—") | F8: =IFERROR(IF(B8="","",IF(ISNUMBER(C8),C8-D8-E8,"—")),"—") | G8: =IFERROR(IF(B8="","",IF(ISNUMBER(D8),D8*Setup!$B$8+E8*Setup!$B$9+F8*Setup!$B$10,"—")),"—") | H8: =IFERROR(IF(B8="","",SUMPRODUCT((Matches!$B$3:$B$502=$B$3)*(Matches!$D$3:$D$502=B8)*(Matches!$O$3:$O$502="Completed")*IF(ISNUMBER(Matches!$L$3:$L$502),Matches!$L$3:$L$502,0))+SUMPRODUCT((Matches!$B$3:$B$502=$B$3)*(Matches!$E$3:$E$502=B8)*(Matches!$O$3:$O$502="Completed")*IF(ISNUMBER(Matches!$M$3:$M$502),Matches!$M$3:$M$502,0))),"—") | I8: =IFERROR(IF(B8="","",SUMPRODUCT((Matches!$B$3:$B$502=$B$3)*(Matches!$D$3:$D$502=B8)*(Matches!$O$3:$O$502="Completed")*IF(ISNUMBER(Matches!$M$3:$M$502),Matches!$M$3:$M$502,0))+SUMPRODUCT((Matches!$B$3:$B$502=$B$3)*(Matches!$E$3:$E$502=B8)*(Matches!$O$3:$O$502="Completed")*IF(ISNUMBER(Matches!$L$3:$L$502),Matches!$L$3:$L$502,0))),"—") | J8: =IFERROR(IF(B8="","",IF(ISNUMBER(H8),H8-I8,"—")),"—")
B9: =IFERROR(INDEX(Teams!$B$3:$B$52,SMALL(IF(Teams!$A$3:$A$52="A",ROW(Teams!$A$3:$A$52)-ROW(Teams!$A$3)+1),3)),"") | C9: =IFERROR(IF(B9="","",SUMPRODUCT((Matches!$B$3:$B$502=$B$3)*(Matches!$D$3:$D$502=B9)*(Matches!$O$3:$O$502="Completed"))+SUMPRODUCT((Matches!$B$3:$B$502=$B$3)*(Matches!$E$3:$E$502=B9)*(Matches!$O$3:$O$502="Completed"))),"—") | D9: =IFERROR(IF(B9="","",SUMPRODUCT((Matches!$B$3:$B$502=$B$3)*(Matches!$D$3:$D$502=B9)*(Matches!$N$3:$N$502=B9)*(Matches!$O$3:$O$502="Completed"))+SUMPRODUCT((Matches!$B$3:$B$502=$B$3)*(Matches!$E$3:$E$502=B9)*(Matches!$N$3:$N$502=B9)*(Matches!$O$3:$O$502="Completed"))),"—") | E9: =IFERROR(IF(B9="","",SUMPRODUCT((Matches!$B$3:$B$502=$B$3)*(Matches!$D$3:$D$502=B9)*(Matches!$N$3:$N$502="Draw")*(Matches!$O$3:$O$502="Completed"))+SUMPRODUCT((Matches!$B$3:$B$502=$B$3)*(Matches!$E$3:$E$502=B9)*(Matches!$N$3:$N$502="Draw")*(Matches!$O$3:$O$502="Completed"))),"—") | F9: =IFERROR(IF(B9="","",IF(ISNUMBER(C9),C9-D9-E9,"—")),"—") | G9: =IFERROR(IF(B9="","",IF(ISNUMBER(D9),D9*Setup!$B$8+E9*Setup!$B$9+F9*Setup!$B$10,"—")),"—") | H9: =IFERROR(IF(B9="","",SUMPRODUCT((Matches!$B$3:$B$502=$B$3)*(Matches!$D$3:$D$502=B9)*(Matches!$O$3:$O$502="Completed")*IF(ISNUMBER(Matches!$L$3:$L$502),Matches!$L$3:$L$502,0))+SUMPRODUCT((Matches!$B$3:$B$502=$B$3)*(Matches!$E$3:$E$502=B9)*(Matches!$O$3:$O$502="Completed")*IF(ISNUMBER(Matches!$M$3:$M$502),Matches!$M$3:$M$502,0))),"—") | I9: =IFERROR(IF(B9="","",SUMPRODUCT((Matches!$B$3:$B$502=$B$3)*(Matches!$D$3:$D$502=B9)*(Matches!$O$3:$O$502="Completed")*IF(ISNUMBER(Matches!$M$3:$M$502),Matches!$M$3:$M$502,0))+SUMPRODUCT((Matches!$B$3:$B$502=$B$3)*(Matches!$E$3:$E$502=B9)*(Matches!$O$3:$O$502="Completed")*IF(ISNUMBER(Matches!$L$3:$L$502),Matches!$L$3:$L$502,0))),"—") | J9: =IFERROR(IF(B9="","",IF(ISNUMBER(H9),H9-I9,"—")),"—")
B10: =IFERROR(INDEX(Teams!$B$3:$B$52,SMALL(IF(Teams!$A$3:$A$52="A",ROW(Teams!$A$3:$A$52)-ROW(Teams!$A$3)+1),4)),"") | C10: =IFERROR(IF(B10="","",SUMPRODUCT((Matches!$B$3:$B$502=$B$3)*(Matches!$D$3:$D$502=B10)*(Matches!$O$3:$O$502="Completed"))+SUMPRODUCT((Matches!$B$3:$B$502=$B$3)*(Matches!$E$3:$E$502=B10)*(Matches!$O$3:$O$502="Completed"))),"—") | D10: =IFERROR(IF(B10="","",SUMPRODUCT((Matches!$B$3:$B$502=$B$3)*(Matches!$D$3:$D$502=B10)*(Matches!$N$3:$N$502=B10)*(Matches!$O$3:$O$502="Completed"))+SUMPRODUCT((Matches!$B$3:$B$502=$B$3)*(Matches!$E$3:$E$502=B10)*(Matches!$N$3:$N$502=B10)*(Matches!$O$3:$O$502="Completed"))),"—") | E10: =IFERROR(IF(B10="","",SUMPRODUCT((Matches!$B$3:$B$502=$B$3)*(Matches!$D$3:$D$502=B10)*(Matches!$N$3:$N$502="Draw")*(Matches!$O$3:$O$502="Completed"))+SUMPRODUCT((Matches!$B$3:$B$502=$B$3)*(Matches!$E$3:$E$502=B10)*(Matches!$N$3:$N$502="Draw")*(Matches!$O$3:$O$502="Completed"))),"—") | F10: =IFERROR(IF(B10="","",IF(ISNUMBER(C10),C10-D10-E10,"—")),"—") | G10: =IFERROR(IF(B10="","",IF(ISNUMBER(D10),D10*Setup!$B$8+E10*Setup!$B$9+F10*Setup!$B$10,"—")),"—") | H10: =IFERROR(IF(B10="","",SUMPRODUCT((Matches!$B$3:$B$502=$B$3)*(Matches!$D$3:$D$502=B10)*(Matches!$O$3:$O$502="Completed")*IF(ISNUMBER(Matches!$L$3:$L$502),Matches!$L$3:$L$502,0))+SUMPRODUCT((Matches!$B$3:$B$502=$B$3)*(Matches!$E$3:$E$502=B10)*(Matches!$O$3:$O$502="Completed")*IF(ISNUMBER(Matches!$M$3:$M$502),Matches!$M$3:$M$502,0))),"—") | I10: =IFERROR(IF(B10="","",SUMPRODUCT((Matches!$B$3:$B$502=$B$3)*(Matches!$D$3:$D$502=B10)*(Matches!$O$3:$O$502="Completed")*IF(ISNUMBER(Matches!$M$3:$M$502),Matches!$M$3:$M$502,0))+SUMPRODUCT((Matches!$B$3:$B$502=$B$3)*(Matches!$E$3:$E$502=B10)*(Matches!$O$3:$O$502="Completed")*IF(ISNUMBER(Matches!$L$3:$L$502),Matches!$L$3:$L$502,0))),"—") | J10: =IFERROR(IF(B10="","",IF(ISNUMBER(H10),H10-I10,"—")),"—")
B11: =IFERROR(INDEX(Teams!$B$3:$B$52,SMALL(IF(Teams!$A$3:$A$52="A",ROW(Teams!$A$3:$A$52)-ROW(Teams!$A$3)+1),5)),"") | C11: =IFERROR(IF(B11="","",SUMPRODUCT((Matches!$B$3:$B$502=$B$3)*(Matches!$D$3:$D$502=B11)*(Matches!$O$3:$O$502="Completed"))+SUMPRODUCT((Matches!$B$3:$B$502=$B$3)*(Matches!$E$3:$E$502=B11)*(Matches!$O$3:$O$502="Completed"))),"—") | D11: =IFERROR(IF(B11="","",SUMPRODUCT((Matches!$B$3:$B$502=$B$3)*(Matches!$D$3:$D$502=B11)*(Matches!$N$3:$N$502=B11)*(Matches!$O$3:$O$502="Completed"))+SUMPRODUCT((Matches!$B$3:$B$502=$B$3)*(Matches!$E$3:$E$502=B11)*(Matches!$N$3:$N$502=B11)*(Matches!$O$3:$O$502="Completed"))),"—") | E11: =IFERROR(IF(B11="","",SUMPRODUCT((Matches!$B$3:$B$502=$B$3)*(Matches!$D$3:$D$502=B11)*(Matches!$N$3:$N$502="Draw")*(Matches!$O$3:$O$502="Completed"))+SUMPRODUCT((Matches!$B$3:$B$502=$B$3)*(Matches!$E$3:$E$502=B11)*(Matches!$N$3:$N$502="Draw")*(Matches!$O$3:$O$502="Completed"))),"—") | F11: =IFERROR(IF(B11="","",IF(ISNUMBER(C11),C11-D11-E11,"—")),"—") | G11: =IFERROR(IF(B11="","",IF(ISNUMBER(D11),D11*Setup!$B$8+E11*Setup!$B$9+F11*Setup!$B$10,"—")),"—") | H11: =IFERROR(IF(B11="","",SUMPRODUCT((Matches!$B$3:$B$502=$B$3)*(Matches!$D$3:$D$502=B11)*(Matches!$O$3:$O$502="Completed")*IF(ISNUMBER(Matches!$L$3:$L$502),Matches!$L$3:$L$502,0))+SUMPRODUCT((Matches!$B$3:$B$502=$B$3)*(Matches!$E$3:$E$502=B11)*(Matches!$O$3:$O$502="Completed")*IF(ISNUMBER(Matches!$M$3:$M$502),Matches!$M$3:$M$502,0))),"—") | I11: =IFERROR(IF(B11="","",SUMPRODUCT((Matches!$B$3:$B$502=$B$3)*(Matches!$D$3:$D$502=B11)*(Matches!$O$3:$O$502="Completed")*IF(ISNUMBER(Matches!$M$3:$M$502),Matches!$M$3:$M$502,0))+SUMPRODUCT((Matches!$B$3:$B$502=$B$3)*(Matches!$E$3:$E$502=B11)*(Matches!$O$3:$O$502="Completed")*IF(ISNUMBER(Matches!$L$3:$L$502),Matches!$L$3:$L$502,0))),"—") | J11: =IFERROR(IF(B11="","",IF(ISNUMBER(H11),H11-I11,"—")),"—")
B12: =IFERROR(INDEX(Teams!$B$3:$B$52,SMALL(IF(Teams!$A$3:$A$52="A",ROW(Teams!$A$3:$A$52)-ROW(Teams!$A$3)+1),6)),"") | C12: =IFERROR(IF(B12="","",SUMPRODUCT((Matches!$B$3:$B$502=$B$3)*(Matches!$D$3:$D$502=B12)*(Matches!$O$3:$O$502="Completed"))+SUMPRODUCT((Matches!$B$3:$B$502=$B$3)*(Matches!$E$3:$E$502=B12)*(Matches!$O$3:$O$502="Completed"))),"—") | D12: =IFERROR(IF(B12="","",SUMPRODUCT((Matches!$B$3:$B$502=$B$3)*(Matches!$D$3:$D$502=B12)*(Matches!$N$3:$N$502=B12)*(Matches!$O$3:$O$502="Completed"))+SUMPRODUCT((Matches!$B$3:$B$502=$B$3)*(Matches!$E$3:$E$502=B12)*(Matches!$N$3:$N$502=B12)*(Matches!$O$3:$O$502="Completed"))),"—") | E12: =IFERROR(IF(B12="","",SUMPRODUCT((Matches!$B$3:$B$502=$B$3)*(Matches!$D$3:$D$502=B12)*(Matches!$N$3:$N$502="Draw")*(Matches!$O$3:$O$502="Completed"))+SUMPRODUCT((Matches!$B$3:$B$502=$B$3)*(Matches!$E$3:$E$502=B12)*(Matches!$N$3:$N$502="Draw")*(Matches!$O$3:$O$502="Completed"))),"—") | F12: =IFERROR(IF(B12="","",IF(ISNUMBER(C12),C12-D12-E12,"—")),"—") | G12: =IFERROR(IF(B12="","",IF(ISNUMBER(D12),D12*Setup!$B$8+E12*Setup!$B$9+F12*Setup!$B$10,"—")),"—") | H12: =IFERROR(IF(B12="","",SUMPRODUCT((Matches!$B$3:$B$502=$B$3)*(Matches!$D$3:$D$502=B12)*(Matches!$O$3:$O$502="Completed")*IF(ISNUMBER(Matches!$L$3:$L$502),Matches!$L$3:$L$502,0))+SUMPRODUCT((Matches!$B$3:$B$502=$B$3)*(Matches!$E$3:$E$502=B12)*(Matches!$O$3:$O$502="Completed")*IF(ISNUMBER(Matches!$M$3:$M$502),Matches!$M$3:$M$502,0))),"—") | I12: =IFERROR(IF(B12="","",SUMPRODUCT((Matches!$B$3:$B$502=$B$3)*(Matches!$D$3:$D$502=B12)*(Matches!$O$3:$O$502="Completed")*IF(ISNUMBER(Matches!$M$3:$M$502),Matches!$M$3:$M$502,0))+SUMPRODUCT((Matches!$B$3:$B$502=$B$3)*(Matches!$E$3:$E$502=B12)*(Matches!$O$3:$O$502="Completed")*IF(ISNUMBER(Matches!$L$3:$L$502),Matches!$L$3:$L$502,0))),"—") | J12: =IFERROR(IF(B12="","",IF(ISNUMBER(H12),H12-I12,"—")),"—")
B13: =IFERROR(INDEX(Teams!$B$3:$B$52,SMALL(IF(Teams!$A$3:$A$52="A",ROW(Teams!$A$3:$A$52)-ROW(Teams!$A$3)+1),7)),"") | C13: =IFERROR(IF(B13="","",SUMPRODUCT((Matches!$B$3:$B$502=$B$3)*(Matches!$D$3:$D$502=B13)*(Matches!$O$3:$O$502="Completed"))+SUMPRODUCT((Matches!$B$3:$B$502=$B$3)*(Matches!$E$3:$E$502=B13)*(Matches!$O$3:$O$502="Completed"))),"—") | D13: =IFERROR(IF(B13="","",SUMPRODUCT((Matches!$B$3:$B$502=$B$3)*(Matches!$D$3:$D$502=B13)*(Matches!$N$3:$N$502=B13)*(Matches!$O$3:$O$502="Completed"))+SUMPRODUCT((Matches!$B$3:$B$502=$B$3)*(Matches!$E$3:$E$502=B13)*(Matches!$N$3:$N$502=B13)*(Matches!$O$3:$O$502="Completed"))),"—") | E13: =IFERROR(IF(B13="","",SUMPRODUCT((Matches!$B$3:$B$502=$B$3)*(Matches!$D$3:$D$502=B13)*(Matches!$N$3:$N$502="Draw")*(Matches!$O$3:$O$502="Completed"))+SUMPRODUCT((Matches!$B$3:$B$502=$B$3)*(Matches!$E$3:$E$502=B13)*(Matches!$N$3:$N$502="Draw")*(Matches!$O$3:$O$502="Completed"))),"—") | F13: =IFERROR(IF(B13="","",IF(ISNUMBER(C13),C13-D13-E13,"—")),"—") | G13: =IFERROR(IF(B13="","",IF(ISNUMBER(D13),D13*Setup!$B$8+E13*Setup!$B$9+F13*Setup!$B$10,"—")),"—") | H13: =IFERROR(IF(B13="","",SUMPRODUCT((Matches!$B$3:$B$502=$B$3)*(Matches!$D$3:$D$502=B13)*(Matches!$O$3:$O$502="Completed")*IF(ISNUMBER(Matches!$L$3:$L$502),Matches!$L$3:$L$502,0))+SUMPRODUCT((Matches!$B$3:$B$502=$B$3)*(Matches!$E$3:$E$502=B13)*(Matches!$O$3:$O$502="Completed")*IF(ISNUMBER(Matches!$M$3:$M$502),Matches!$M$3:$M$502,0))),"—") | I13: =IFERROR(IF(B13="","",SUMPRODUCT((Matches!$B$3:$B$502=$B$3)*(Matches!$D$3:$D$502=B13)*(Matches!$O$3:$O$502="Completed")*IF(ISNUMBER(Matches!$M$3:$M$502),Matches!$M$3:$M$502,0))+SUMPRODUCT((Matches!$B$3:$B$502=$B$3)*(Matches!$E$3:$E$502=B13)*(Matches!$O$3:$O$502="Completed")*IF(ISNUMBER(Matches!$L$3:$L$502),Matches!$L$3:$L$502,0))),"—") | J13: =IFERROR(IF(B13="","",IF(ISNUMBER(H13),H13-I13,"—")),"—")
B14: =IFERROR(INDEX(Teams!$B$3:$B$52,SMALL(IF(Teams!$A$3:$A$52="A",ROW(Teams!$A$3:$A$52)-ROW(Teams!$A$3)+1),8)),"") | C14: =IFERROR(IF(B14="","",SUMPRODUCT((Matches!$B$3:$B$502=$B$3)*(Matches!$D$3:$D$502=B14)*(Matches!$O$3:$O$502="Completed"))+SUMPRODUCT((Matches!$B$3:$B$502=$B$3)*(Matches!$E$3:$E$502=B14)*(Matches!$O$3:$O$502="Completed"))),"—") | D14: =IFERROR(IF(B14="","",SUMPRODUCT((Matches!$B$3:$B$502=$B$3)*(Matches!$D$3:$D$502=B14)*(Matches!$N$3:$N$502=B14)*(Matches!$O$3:$O$502="Completed"))+SUMPRODUCT((Matches!$B$3:$B$502=$B$3)*(Matches!$E$3:$E$502=B14)*(Matches!$N$3:$N$502=B14)*(Matches!$O$3:$O$502="Completed"))),"—") | E14: =IFERROR(IF(B14="","",SUMPRODUCT((Matches!$B$3:$B$502=$B$3)*(Matches!$D$3:$D$502=B14)*(Matches!$N$3:$N$502="Draw")*(Matches!$O$3:$O$502="Completed"))+SUMPRODUCT((Matches!$B$3:$B$502=$B$3)*(Matches!$E$3:$E$502=B14)*(Matches!$N$3:$N$502="Draw")*(Matches!$O$3:$O$502="Completed"))),"—") | F14: =IFERROR(IF(B14="","",IF(ISNUMBER(C14),C14-D14-E14,"—")),"—") | G14: =IFERROR(IF(B14="","",IF(ISNUMBER(D14),D14*Setup!$B$8+E14*Setup!$B$9+F14*Setup!$B$10,"—")),"—") | H14: =IFERROR(IF(B14="","",SUMPRODUCT((Matches!$B$3:$B$502=$B$3)*(Matches!$D$3:$D$502=B14)*(Matches!$O$3:$O$502="Completed")*IF(ISNUMBER(Matches!$L$3:$L$502),Matches!$L$3:$L$502,0))+SUMPRODUCT((Matches!$B$3:$B$502=$B$3)*(Matches!$E$3:$E$502=B14)*(Matches!$O$3:$O$502="Completed")*IF(ISNUMBER(Matches!$M$3:$M$502),Matches!$M$3:$M$502,0))),"—") | I14: =IFERROR(IF(B14="","",SUMPRODUCT((Matches!$B$3:$B$502=$B$3)*(Matches!$D$3:$D$502=B14)*(Matches!$O$3:$O$502="Completed")*IF(ISNUMBER(Matches!$M$3:$M$502),Matches!$M$3:$M$502,0))+SUMPRODUCT((Matches!$B$3:$B$502=$B$3)*(Matches!$E$3:$E$502=B14)*(Matches!$O$3:$O$502="Completed")*IF(ISNUMBER(Matches!$L$3:$L$502),Matches!$L$3:$L$502,0))),"—") | J14: =IFERROR(IF(B14="","",IF(ISNUMBER(H14),H14-I14,"—")),"—")
B15: =IFERROR(INDEX(Teams!$B$3:$B$52,SMALL(IF(Teams!$A$3:$A$52="A",ROW(Teams!$A$3:$A$52)-ROW(Teams!$A$3)+1),9)),"") | C15: =IFERROR(IF(B15="","",SUMPRODUCT((Matches!$B$3:$B$502=$B$3)*(Matches!$D$3:$D$502=B15)*(Matches!$O$3:$O$502="Completed"))+SUMPRODUCT((Matches!$B$3:$B$502=$B$3)*(Matches!$E$3:$E$502=B15)*(Matches!$O$3:$O$502="Completed"))),"—") | D15: =IFERROR(IF(B15="","",SUMPRODUCT((Matches!$B$3:$B$502=$B$3)*(Matches!$D$3:$D$502=B15)*(Matches!$N$3:$N$502=B15)*(Matches!$O$3:$O$502="Completed"))+SUMPRODUCT((Matches!$B$3:$B$502=$B$3)*(Matches!$E$3:$E$502=B15)*(Matches!$N$3:$N$502=B15)*(Matches!$O$3:$O$502="Completed"))),"—") | E15: =IFERROR(IF(B15="","",SUMPRODUCT((Matches!$B$3:$B$502=$B$3)*(Matches!$D$3:$D$502=B15)*(Matches!$N$3:$N$502="Draw")*(Matches!$O$3:$O$502="Completed"))+SUMPRODUCT((Matches!$B$3:$B$502=$B$3)*(Matches!$E$3:$E$502=B15)*(Matches!$N$3:$N$502="Draw")*(Matches!$O$3:$O$502="Completed"))),"—") | F15: =IFERROR(IF(B15="","",IF(ISNUMBER(C15),C15-D15-E15,"—")),"—") | G15: =IFERROR(IF(B15="","",IF(ISNUMBER(D15),D15*Setup!$B$8+E15*Setup!$B$9+F15*Setup!$B$10,"—")),"—") | H15: =IFERROR(IF(B15="","",SUMPRODUCT((Matches!$B$3:$B$502=$B$3)*(Matches!$D$3:$D$502=B15)*(Matches!$O$3:$O$502="Completed")*IF(ISNUMBER(Matches!$L$3:$L$502),Matches!$L$3:$L$502,0))+SUMPRODUCT((Matches!$B$3:$B$502=$B$3)*(Matches!$E$3:$E$502=B15)*(Matches!$O$3:$O$502="Completed")*IF(ISNUMBER(Matches!$M$3:$M$502),Matches!$M$3:$M$502,0))),"—") | I15: =IFERROR(IF(B15="","",SUMPRODUCT((Matches!$B$3:$B$502=$B$3)*(Matches!$D$3:$D$502=B15)*(Matches!$O$3:$O$502="Completed")*IF(ISNUMBER(Matches!$M$3:$M$502),Matches!$M$3:$M$502,0))+SUMPRODUCT((Matches!$B$3:$B$502=$B$3)*(Matches!$E$3:$E$502=B15)*(Matches!$O$3:$O$502="Completed")*IF(ISNUMBER(Matches!$L$3:$L$502),Matches!$L$3:$L$502,0))),"—") | J15: =IFERROR(IF(B15="","",IF(ISNUMBER(H15),H15-I15,"—")),"—")
B16: =IFERROR(INDEX(Teams!$B$3:$B$52,SMALL(IF(Teams!$A$3:$A$52="A",ROW(Teams!$A$3:$A$52)-ROW(Teams!$A$3)+1),10)),"") | C16: =IFERROR(IF(B16="","",SUMPRODUCT((Matches!$B$3:$B$502=$B$3)*(Matches!$D$3:$D$502=B16)*(Matches!$O$3:$O$502="Completed"))+SUMPRODUCT((Matches!$B$3:$B$502=$B$3)*(Matches!$E$3:$E$502=B16)*(Matches!$O$3:$O$502="Completed"))),"—") | D16: =IFERROR(IF(B16="","",SUMPRODUCT((Matches!$B$3:$B$502=$B$3)*(Matches!$D$3:$D$502=B16)*(Matches!$N$3:$N$502=B16)*(Matches!$O$3:$O$502="Completed"))+SUMPRODUCT((Matches!$B$3:$B$502=$B$3)*(Matches!$E$3:$E$502=B16)*(Matches!$N$3:$N$502=B16)*(Matches!$O$3:$O$502="Completed"))),"—") | E16: =IFERROR(IF(B16="","",SUMPRODUCT((Matches!$B$3:$B$502=$B$3)*(Matches!$D$3:$D$502=B16)*(Matches!$N$3:$N$502="Draw")*(Matches!$O$3:$O$502="Completed"))+SUMPRODUCT((Matches!$B$3:$B$502=$B$3)*(Matches!$E$3:$E$502=B16)*(Matches!$N$3:$N$502="Draw")*(Matches!$O$3:$O$502="Completed"))),"—") | F16: =IFERROR(IF(B16="","",IF(ISNUMBER(C16),C16-D16-E16,"—")),"—") | G16: =IFERROR(IF(B16="","",IF(ISNUMBER(D16),D16*Setup!$B$8+E16*Setup!$B$9+F16*Setup!$B$10,"—")),"—") | H16: =IFERROR(IF(B16="","",SUMPRODUCT((Matches!$B$3:$B$502=$B$3)*(Matches!$D$3:$D$502=B16)*(Matches!$O$3:$O$502="Completed")*IF(ISNUMBER(Matches!$L$3:$L$502),Matches!$L$3:$L$502,0))+SUMPRODUCT((Matches!$B$3:$B$502=$B$3)*(Matches!$E$3:$E$502=B16)*(Matches!$O$3:$O$502="Completed")*IF(ISNUMBER(Matches!$M$3:$M$502),Matches!$M$3:$M$502,0))),"—") | I16: =IFERROR(IF(B16="","",SUMPRODUCT((Matches!$B$3:$B$502=$B$3)*(Matches!$D$3:$D$502=B16)*(Matches!$O$3:$O$502="Completed")*IF(ISNUMBER(Matches!$M$3:$M$502),Matches!$M$3:$M$502,0))+SUMPRODUCT((Matches!$B$3:$B$502=$B$3)*(Matches!$E$3:$E$502=B16)*(Matches!$O$3:$O$502="Completed")*IF(ISNUMBER(Matches!$L$3:$L$502),Matches!$L$3:$L$502,0))),"—") | J16: =IFERROR(IF(B16="","",IF(ISNUMBER(H16),H16-I16,"—")),"—")
B17: =IFERROR(INDEX(Teams!$B$3:$B$52,SMALL(IF(Teams!$A$3:$A$52="A",ROW(Teams!$A$3:$A$52)-ROW(Teams!$A$3)+1),11)),"") | C17: =IFERROR(IF(B17="","",SUMPRODUCT((Matches!$B$3:$B$502=$B$3)*(Matches!$D$3:$D$502=B17)*(Matches!$O$3:$O$502="Completed"))+SUMPRODUCT((Matches!$B$3:$B$502=$B$3)*(Matches!$E$3:$E$502=B17)*(Matches!$O$3:$O$502="Completed"))),"—") | D17: =IFERROR(IF(B17="","",SUMPRODUCT((Matches!$B$3:$B$502=$B$3)*(Matches!$D$3:$D$502=B17)*(Matches!$N$3:$N$502=B17)*(Matches!$O$3:$O$502="Completed"))+SUMPRODUCT((Matches!$B$3:$B$502=$B$3)*(Matches!$E$3:$E$502=B17)*(Matches!$N$3:$N$502=B17)*(Matches!$O$3:$O$502="Completed"))),"—") | E17: =IFERROR(IF(B17="","",SUMPRODUCT((Matches!$B$3:$B$502=$B$3)*(Matches!$D$3:$D$502=B17)*(Matches!$N$3:$N$502="Draw")*(Matches!$O$3:$O$502="Completed"))+SUMPRODUCT((Matches!$B$3:$B$502=$B$3)*(Matches!$E$3:$E$502=B17)*(Matches!$N$3:$N$502="Draw")*(Matches!$O$3:$O$502="Completed"))),"—") | F17: =IFERROR(IF(B17="","",IF(ISNUMBER(C17),C17-D17-E17,"—")),"—") | G17: =IFERROR(IF(B17="","",IF(ISNUMBER(D17),D17*Setup!$B$8+E17*Setup!$B$9+F17*Setup!$B$10,"—")),"—") | H17: =IFERROR(IF(B17="","",SUMPRODUCT((Matches!$B$3:$B$502=$B$3)*(Matches!$D$3:$D$502=B17)*(Matches!$O$3:$O$502="Completed")*IF(ISNUMBER(Matches!$L$3:$L$502),Matches!$L$3:$L$502,0))+SUMPRODUCT((Matches!$B$3:$B$502=$B$3)*(Matches!$E$3:$E$502=B17)*(Matches!$O$3:$O$502="Completed")*IF(ISNUMBER(Matches!$M$3:$M$502),Matches!$M$3:$M$502,0))),"—") | I17: =IFERROR(IF(B17="","",SUMPRODUCT((Matches!$B$3:$B$502=$B$3)*(Matches!$D$3:$D$502=B17)*(Matches!$O$3:$O$502="Completed")*IF(ISNUMBER(Matches!$M$3:$M$502),Matches!$M$3:$M$502,0))+SUMPRODUCT((Matches!$B$3:$B$502=$B$3)*(Matches!$E$3:$E$502=B17)*(Matches!$O$3:$O$502="Completed")*IF(ISNUMBER(Matches!$L$3:$L$502),Matches!$L$3:$L$502,0))),"—") | J17: =IFERROR(IF(B17="","",IF(ISNUMBER(H17),H17-I17,"—")),"—")
B18: =IFERROR(INDEX(Teams!$B$3:$B$52,SMALL(IF(Teams!$A$3:$A$52="A",ROW(Teams!$A$3:$A$52)-ROW(Teams!$A$3)+1),12)),"") | C18: =IFERROR(IF(B18="","",SUMPRODUCT((Matches!$B$3:$B$502=$B$3)*(Matches!$D$3:$D$502=B18)*(Matches!$O$3:$O$502="Completed"))+SUMPRODUCT((Matches!$B$3:$B$502=$B$3)*(Matches!$E$3:$E$502=B18)*(Matches!$O$3:$O$502="Completed"))),"—") | D18: =IFERROR(IF(B18="","",SUMPRODUCT((Matches!$B$3:$B$502=$B$3)*(Matches!$D$3:$D$502=B18)*(Matches!$N$3:$N$502=B18)*(Matches!$O$3:$O$502="Completed"))+SUMPRODUCT((Matches!$B$3:$B$502=$B$3)*(Matches!$E$3:$E$502=B18)*(Matches!$N$3:$N$502=B18)*(Matches!$O$3:$O$502="Completed"))),"—") | E18: =IFERROR(IF(B18="","",SUMPRODUCT((Matches!$B$3:$B$502=$B$3)*(Matches!$D$3:$D$502=B18)*(Matches!$N$3:$N$502="Draw")*(Matches!$O$3:$O$502="Completed"))+SUMPRODUCT((Matches!$B$3:$B$502=$B$3)*(Matches!$E$3:$E$502=B18)*(Matches!$N$3:$N$502="Draw")*(Matches!$O$3:$O$502="Completed"))),"—") | F18: =IFERROR(IF(B18="","",IF(ISNUMBER(C18),C18-D18-E18,"—")),"—") | G18: =IFERROR(IF(B18="","",IF(ISNUMBER(D18),D18*Setup!$B$8+E18*Setup!$B$9+F18*Setup!$B$10,"—")),"—") | H18: =IFERROR(IF(B18="","",SUMPRODUCT((Matches!$B$3:$B$502=$B$3)*(Matches!$D$3:$D$502=B18)*(Matches!$O$3:$O$502="Completed")*IF(ISNUMBER(Matches!$L$3:$L$502),Matches!$L$3:$L$502,0))+SUMPRODUCT((Matches!$B$3:$B$502=$B$3)*(Matches!$E$3:$E$502=B18)*(Matches!$O$3:$O$502="Completed")*IF(ISNUMBER(Matches!$M$3:$M$502),Matches!$M$3:$M$502,0))),"—") | I18: =IFERROR(IF(B18="","",SUMPRODUCT((Matches!$B$3:$B$502=$B$3)*(Matches!$D$3:$D$502=B18)*(Matches!$O$3:$O$502="Completed")*IF(ISNUMBER(Matches!$M$3:$M$502),Matches!$M$3:$M$502,0))+SUMPRODUCT((Matches!$B$3:$B$502=$B$3)*(Matches!$E$3:$E$502=B18)*(Matches!$O$3:$O$502="Completed")*IF(ISNUMBER(Matches!$L$3:$L$502),Matches!$L$3:$L$502,0))),"—") | J18: =IFERROR(IF(B18="","",IF(ISNUMBER(H18),H18-I18,"—")),"—")
B19: =IFERROR(INDEX(Teams!$B$3:$B$52,SMALL(IF(Teams!$A$3:$A$52="A",ROW(Teams!$A$3:$A$52)-ROW(Teams!$A$3)+1),13)),"") | C19: =IFERROR(IF(B19="","",SUMPRODUCT((Matches!$B$3:$B$502=$B$3)*(Matches!$D$3:$D$502=B19)*(Matches!$O$3:$O$502="Completed"))+SUMPRODUCT((Matches!$B$3:$B$502=$B$3)*(Matches!$E$3:$E$502=B19)*(Matches!$O$3:$O$502="Completed"))),"—") | D19: =IFERROR(IF(B19="","",SUMPRODUCT((Matches!$B$3:$B$502=$B$3)*(Matches!$D$3:$D$502=B19)*(Matches!$N$3:$N$502=B19)*(Matches!$O$3:$O$502="Completed"))+SUMPRODUCT((Matches!$B$3:$B$502=$B$3)*(Matches!$E$3:$E$502=B19)*(Matches!$N$3:$N$502=B19)*(Matches!$O$3:$O$502="Completed"))),"—") | E19: =IFERROR(IF(B19="","",SUMPRODUCT((Matches!$B$3:$B$502=$B$3)*(Matches!$D$3:$D$502=B19)*(Matches!$N$3:$N$502="Draw")*(Matches!$O$3:$O$502="Completed"))+SUMPRODUCT((Matches!$B$3:$B$502=$B$3)*(Matches!$E$3:$E$502=B19)*(Matches!$N$3:$N$502="Draw")*(Matches!$O$3:$O$502="Completed"))),"—") | F19: =IFERROR(IF(B19="","",IF(ISNUMBER(C19),C19-D19-E19,"—")),"—") | G19: =IFERROR(IF(B19="","",IF(ISNUMBER(D19),D19*Setup!$B$8+E19*Setup!$B$9+F19*Setup!$B$10,"—")),"—") | H19: =IFERROR(IF(B19="","",SUMPRODUCT((Matches!$B$3:$B$502=$B$3)*(Matches!$D$3:$D$502=B19)*(Matches!$O$3:$O$502="Completed")*IF(ISNUMBER(Matches!$L$3:$L$502),Matches!$L$3:$L$502,0))+SUMPRODUCT((Matches!$B$3:$B$502=$B$3)*(Matches!$E$3:$E$502=B19)*(Matches!$O$3:$O$502="Completed")*IF(ISNUMBER(Matches!$M$3:$M$502),Matches!$M$3:$M$502,0))),"—") | I19: =IFERROR(IF(B19="","",SUMPRODUCT((Matches!$B$3:$B$502=$B$3)*(Matches!$D$3:$D$502=B19)*(Matches!$O$3:$O$502="Completed")*IF(ISNUMBER(Matches!$M$3:$M$502),Matches!$M$3:$M$502,0))+SUMPRODUCT((Matches!$B$3:$B$502=$B$3)*(Matches!$E$3:$E$502=B19)*(Matches!$O$3:$O$502="Completed")*IF(ISNUMBER(Matches!$L$3:$L$502),Matches!$L$3:$L$502,0))),"—") | J19: =IFERROR(IF(B19="","",IF(ISNUMBER(H19),H19-I19,"—")),"—")
B20: =IFERROR(INDEX(Teams!$B$3:$B$52,SMALL(IF(Teams!$A$3:$A$52="A",ROW(Teams!$A$3:$A$52)-ROW(Teams!$A$3)+1),14)),"") | C20: =IFERROR(IF(B20="","",SUMPRODUCT((Matches!$B$3:$B$502=$B$3)*(Matches!$D$3:$D$502=B20)*(Matches!$O$3:$O$502="Completed"))+SUMPRODUCT((Matches!$B$3:$B$502=$B$3)*(Matches!$E$3:$E$502=B20)*(Matches!$O$3:$O$502="Completed"))),"—") | D20: =IFERROR(IF(B20="","",SUMPRODUCT((Matches!$B$3:$B$502=$B$3)*(Matches!$D$3:$D$502=B20)*(Matches!$N$3:$N$502=B20)*(Matches!$O$3:$O$502="Completed"))+SUMPRODUCT((Matches!$B$3:$B$502=$B$3)*(Matches!$E$3:$E$502=B20)*(Matches!$N$3:$N$502=B20)*(Matches!$O$3:$O$502="Completed"))),"—") | E20: =IFERROR(IF(B20="","",SUMPRODUCT((Matches!$B$3:$B$502=$B$3)*(Matches!$D$3:$D$502=B20)*(Matches!$N$3:$N$502="Draw")*(Matches!$O$3:$O$502="Completed"))+SUMPRODUCT((Matches!$B$3:$B$502=$B$3)*(Matches!$E$3:$E$502=B20)*(Matches!$N$3:$N$502="Draw")*(Matches!$O$3:$O$502="Completed"))),"—") | F20: =IFERROR(IF(B20="","",IF(ISNUMBER(C20),C20-D20-E20,"—")),"—") | G20: =IFERROR(IF(B20="","",IF(ISNUMBER(D20),D20*Setup!$B$8+E20*Setup!$B$9+F20*Setup!$B$10,"—")),"—") | H20: =IFERROR(IF(B20="","",SUMPRODUCT((Matches!$B$3:$B$502=$B$3)*(Matches!$D$3:$D$502=B20)*(Matches!$O$3:$O$502="Completed")*IF(ISNUMBER(Matches!$L$3:$L$502),Matches!$L$3:$L$502,0))+SUMPRODUCT((Matches!$B$3:$B$502=$B$3)*(Matches!$E$3:$E$502=B20)*(Matches!$O$3:$O$502="Completed")*IF(ISNUMBER(Matches!$M$3:$M$502),Matches!$M$3:$M$502,0))),"—") | I20: =IFERROR(IF(B20="","",SUMPRODUCT((Matches!$B$3:$B$502=$B$3)*(Matches!$D$3:$D$502=B20)*(Matches!$O$3:$O$502="Completed")*IF(ISNUMBER(Matches!$M$3:$M$502),Matches!$M$3:$M$502,0))+SUMPRODUCT((Matches!$B$3:$B$502=$B$3)*(Matches!$E$3:$E$502=B20)*(Matches!$O$3:$O$502="Completed")*IF(ISNUMBER(Matches!$L$3:$L$502),Matches!$L$3:$L$502,0))),"—") | J20: =IFERROR(IF(B20="","",IF(ISNUMBER(H20),H20-I20,"—")),"—")
B21: =IFERROR(INDEX(Teams!$B$3:$B$52,SMALL(IF(Teams!$A$3:$A$52="A",ROW(Teams!$A$3:$A$52)-ROW(Teams!$A$3)+1),15)),"") | C21: =IFERROR(IF(B21="","",SUMPRODUCT((Matches!$B$3:$B$502=$B$3)*(Matches!$D$3:$D$502=B21)*(Matches!$O$3:$O$502="Completed"))+SUMPRODUCT((Matches!$B$3:$B$502=$B$3)*(Matches!$E$3:$E$502=B21)*(Matches!$O$3:$O$502="Completed"))),"—") | D21: =IFERROR(IF(B21="","",SUMPRODUCT((Matches!$B$3:$B$502=$B$3)*(Matches!$D$3:$D$502=B21)*(Matches!$N$3:$N$502=B21)*(Matches!$O$3:$O$502="Completed"))+SUMPRODUCT((Matches!$B$3:$B$502=$B$3)*(Matches!$E$3:$E$502=B21)*(Matches!$N$3:$N$502=B21)*(Matches!$O$3:$O$502="Completed"))),"—") | E21: =IFERROR(IF(B21="","",SUMPRODUCT((Matches!$B$3:$B$502=$B$3)*(Matches!$D$3:$D$502=B21)*(Matches!$N$3:$N$502="Draw")*(Matches!$O$3:$O$502="Completed"))+SUMPRODUCT((Matches!$B$3:$B$502=$B$3)*(Matches!$E$3:$E$502=B21)*(Matches!$N$3:$N$502="Draw")*(Matches!$O$3:$O$502="Completed"))),"—") | F21: =IFERROR(IF(B21="","",IF(ISNUMBER(C21),C21-D21-E21,"—")),"—") | G21: =IFERROR(IF(B21="","",IF(ISNUMBER(D21),D21*Setup!$B$8+E21*Setup!$B$9+F21*Setup!$B$10,"—")),"—") | H21: =IFERROR(IF(B21="","",SUMPRODUCT((Matches!$B$3:$B$502=$B$3)*(Matches!$D$3:$D$502=B21)*(Matches!$O$3:$O$502="Completed")*IF(ISNUMBER(Matches!$L$3:$L$502),Matches!$L$3:$L$502,0))+SUMPRODUCT((Matches!$B$3:$B$502=$B$3)*(Matches!$E$3:$E$502=B21)*(Matches!$O$3:$O$502="Completed")*IF(ISNUMBER(Matches!$M$3:$M$502),Matches!$M$3:$M$502,0))),"—") | I21: =IFERROR(IF(B21="","",SUMPRODUCT((Matches!$B$3:$B$502=$B$3)*(Matches!$D$3:$D$502=B21)*(Matches!$O$3:$O$502="Completed")*IF(ISNUMBER(Matches!$M$3:$M$502),Matches!$M$3:$M$502,0))+SUMPRODUCT((Matches!$B$3:$B$502=$B$3)*(Matches!$E$3:$E$502=B21)*(Matches!$O$3:$O$502="Completed")*IF(ISNUMBER(Matches!$L$3:$L$502),Matches!$L$3:$L$502,0))),"—") | J21: =IFERROR(IF(B21="","",IF(ISNUMBER(H21),H21-I21,"—")),"—")
B22: =IFERROR(INDEX(Teams!$B$3:$B$52,SMALL(IF(Teams!$A$3:$A$52="A",ROW(Teams!$A$3:$A$52)-ROW(Teams!$A$3)+1),16)),"") | C22: =IFERROR(IF(B22="","",SUMPRODUCT((Matches!$B$3:$B$502=$B$3)*(Matches!$D$3:$D$502=B22)*(Matches!$O$3:$O$502="Completed"))+SUMPRODUCT((Matches!$B$3:$B$502=$B$3)*(Matches!$E$3:$E$502=B22)*(Matches!$O$3:$O$502="Completed"))),"—") | D22: =IFERROR(IF(B22="","",SUMPRODUCT((Matches!$B$3:$B$502=$B$3)*(Matches!$D$3:$D$502=B22)*(Matches!$N$3:$N$502=B22)*(Matches!$O$3:$O$502="Completed"))+SUMPRODUCT((Matches!$B$3:$B$502=$B$3)*(Matches!$E$3:$E$502=B22)*(Matches!$N$3:$N$502=B22)*(Matches!$O$3:$O$502="Completed"))),"—") | E22: =IFERROR(IF(B22="","",SUMPRODUCT((Matches!$B$3:$B$502=$B$3)*(Matches!$D$3:$D$502=B22)*(Matches!$N$3:$N$502="Draw")*(Matches!$O$3:$O$502="Completed"))+SUMPRODUCT((Matches!$B$3:$B$502=$B$3)*(Matches!$E$3:$E$502=B22)*(Matches!$N$3:$N$502="Draw")*(Matches!$O$3:$O$502="Completed"))),"—") | F22: =IFERROR(IF(B22="","",IF(ISNUMBER(C22),C22-D22-E22,"—")),"—") | G22: =IFERROR(IF(B22="","",IF(ISNUMBER(D22),D22*Setup!$B$8+E22*Setup!$B$9+F22*Setup!$B$10,"—")),"—") | H22: =IFERROR(IF(B22="","",SUMPRODUCT((Matches!$B$3:$B$502=$B$3)*(Matches!$D$3:$D$502=B22)*(Matches!$O$3:$O$502="Completed")*IF(ISNUMBER(Matches!$L$3:$L$502),Matches!$L$3:$L$502,0))+SUMPRODUCT((Matches!$B$3:$B$502=$B$3)*(Matches!$E$3:$E$502=B22)*(Matches!$O$3:$O$502="Completed")*IF(ISNUMBER(Matches!$M$3:$M$502),Matches!$M$3:$M$502,0))),"—") | I22: =IFERROR(IF(B22="","",SUMPRODUCT((Matches!$B$3:$B$502=$B$3)*(Matches!$D$3:$D$502=B22)*(Matches!$O$3:$O$502="Completed")*IF(ISNUMBER(Matches!$M$3:$M$502),Matches!$M$3:$M$502,0))+SUMPRODUCT((Matches!$B$3:$B$502=$B$3)*(Matches!$E$3:$E$502=B22)*(Matches!$O$3:$O$502="Completed")*IF(ISNUMBER(Matches!$L$3:$L$502),Matches!$L$3:$L$502,0))),"—") | J22: =IFERROR(IF(B22="","",IF(ISNUMBER(H22),H22-I22,"—")),"—")
B23: =IFERROR(INDEX(Teams!$B$3:$B$52,SMALL(IF(Teams!$A$3:$A$52="A",ROW(Teams!$A$3:$A$52)-ROW(Teams!$A$3)+1),17)),"") | C23: =IFERROR(IF(B23="","",SUMPRODUCT((Matches!$B$3:$B$502=$B$3)*(Matches!$D$3:$D$502=B23)*(Matches!$O$3:$O$502="Completed"))+SUMPRODUCT((Matches!$B$3:$B$502=$B$3)*(Matches!$E$3:$E$502=B23)*(Matches!$O$3:$O$502="Completed"))),"—") | D23: =IFERROR(IF(B23="","",SUMPRODUCT((Matches!$B$3:$B$502=$B$3)*(Matches!$D$3:$D$502=B23)*(Matches!$N$3:$N$502=B23)*(Matches!$O$3:$O$502="Completed"))+SUMPRODUCT((Matches!$B$3:$B$502=$B$3)*(Matches!$E$3:$E$502=B23)*(Matches!$N$3:$N$502=B23)*(Matches!$O$3:$O$502="Completed"))),"—") | E23: =IFERROR(IF(B23="","",SUMPRODUCT((Matches!$B$3:$B$502=$B$3)*(Matches!$D$3:$D$502=B23)*(Matches!$N$3:$N$502="Draw")*(Matches!$O$3:$O$502="Completed"))+SUMPRODUCT((Matches!$B$3:$B$502=$B$3)*(Matches!$E$3:$E$502=B23)*(Matches!$N$3:$N$502="Draw")*(Matches!$O$3:$O$502="Completed"))),"—") | F23: =IFERROR(IF(B23="","",IF(ISNUMBER(C23),C23-D23-E23,"—")),"—") | G23: =IFERROR(IF(B23="","",IF(ISNUMBER(D23),D23*Setup!$B$8+E23*Setup!$B$9+F23*Setup!$B$10,"—")),"—") | H23: =IFERROR(IF(B23="","",SUMPRODUCT((Matches!$B$3:$B$502=$B$3)*(Matches!$D$3:$D$502=B23)*(Matches!$O$3:$O$502="Completed")*IF(ISNUMBER(Matches!$L$3:$L$502),Matches!$L$3:$L$502,0))+SUMPRODUCT((Matches!$B$3:$B$502=$B$3)*(Matches!$E$3:$E$502=B23)*(Matches!$O$3:$O$502="Completed")*IF(ISNUMBER(Matches!$M$3:$M$502),Matches!$M$3:$M$502,0))),"—") | I23: =IFERROR(IF(B23="","",SUMPRODUCT((Matches!$B$3:$B$502=$B$3)*(Matches!$D$3:$D$502=B23)*(Matches!$O$3:$O$502="Completed")*IF(ISNUMBER(Matches!$M$3:$M$502),Matches!$M$3:$M$502,0))+SUMPRODUCT((Matches!$B$3:$B$502=$B$3)*(Matches!$E$3:$E$502=B23)*(Matches!$O$3:$O$502="Completed")*IF(ISNUMBER(Matches!$L$3:$L$502),Matches!$L$3:$L$502,0))),"—") | J23: =IFERROR(IF(B23="","",IF(ISNUMBER(H23),H23-I23,"—")),"—")
B24: =IFERROR(INDEX(Teams!$B$3:$B$52,SMALL(IF(Teams!$A$3:$A$52="A",ROW(Teams!$A$3:$A$52)-ROW(Teams!$A$3)+1),18)),"") | C24: =IFERROR(IF(B24="","",SUMPRODUCT((Matches!$B$3:$B$502=$B$3)*(Matches!$D$3:$D$502=B24)*(Matches!$O$3:$O$502="Completed"))+SUMPRODUCT((Matches!$B$3:$B$502=$B$3)*(Matches!$E$3:$E$502=B24)*(Matches!$O$3:$O$502="Completed"))),"—") | D24: =IFERROR(IF(B24="","",SUMPRODUCT((Matches!$B$3:$B$502=$B$3)*(Matches!$D$3:$D$502=B24)*(Matches!$N$3:$N$502=B24)*(Matches!$O$3:$O$502="Completed"))+SUMPRODUCT((Matches!$B$3:$B$502=$B$3)*(Matches!$E$3:$E$502=B24)*(Matches!$N$3:$N$502=B24)*(Matches!$O$3:$O$502="Completed"))),"—") | E24: =IFERROR(IF(B24="","",SUMPRODUCT((Matches!$B$3:$B$502=$B$3)*(Matches!$D$3:$D$502=B24)*(Matches!$N$3:$N$502="Draw")*(Matches!$O$3:$O$502="Completed"))+SUMPRODUCT((Matches!$B$3:$B$502=$B$3)*(Matches!$E$3:$E$502=B24)*(Matches!$N$3:$N$502="Draw")*(Matches!$O$3:$O$502="Completed"))),"—") | F24: =IFERROR(IF(B24="","",IF(ISNUMBER(C24),C24-D24-E24,"—")),"—") | G24: =IFERROR(IF(B24="","",IF(ISNUMBER(D24),D24*Setup!$B$8+E24*Setup!$B$9+F24*Setup!$B$10,"—")),"—") | H24: =IFERROR(IF(B24="","",SUMPRODUCT((Matches!$B$3:$B$502=$B$3)*(Matches!$D$3:$D$502=B24)*(Matches!$O$3:$O$502="Completed")*IF(ISNUMBER(Matches!$L$3:$L$502),Matches!$L$3:$L$502,0))+SUMPRODUCT((Matches!$B$3:$B$502=$B$3)*(Matches!$E$3:$E$502=B24)*(Matches!$O$3:$O$502="Completed")*IF(ISNUMBER(Matches!$M$3:$M$502),Matches!$M$3:$M$502,0))),"—") | I24: =IFERROR(IF(B24="","",SUMPRODUCT((Matches!$B$3:$B$502=$B$3)*(Matches!$D$3:$D$502=B24)*(Matches!$O$3:$O$502="Completed")*IF(ISNUMBER(Matches!$M$3:$M$502),Matches!$M$3:$M$502,0))+SUMPRODUCT((Matches!$B$3:$B$502=$B$3)*(Matches!$E$3:$E$502=B24)*(Matches!$O$3:$O$502="Completed")*IF(ISNUMBER(Matches!$L$3:$L$502),Matches!$L$3:$L$502,0))),"—") | J24: =IFERROR(IF(B24="","",IF(ISNUMBER(H24),H24-I24,"—")),"—")
B25: =IFERROR(INDEX(Teams!$B$3:$B$52,SMALL(IF(Teams!$A$3:$A$52="A",ROW(Teams!$A$3:$A$52)-ROW(Teams!$A$3)+1),19)),"") | C25: =IFERROR(IF(B25="","",SUMPRODUCT((Matches!$B$3:$B$502=$B$3)*(Matches!$D$3:$D$502=B25)*(Matches!$O$3:$O$502="Completed"))+SUMPRODUCT((Matches!$B$3:$B$502=$B$3)*(Matches!$E$3:$E$502=B25)*(Matches!$O$3:$O$502="Completed"))),"—") | D25: =IFERROR(IF(B25="","",SUMPRODUCT((Matches!$B$3:$B$502=$B$3)*(Matches!$D$3:$D$502=B25)*(Matches!$N$3:$N$502=B25)*(Matches!$O$3:$O$502="Completed"))+SUMPRODUCT((Matches!$B$3:$B$502=$B$3)*(Matches!$E$3:$E$502=B25)*(Matches!$N$3:$N$502=B25)*(Matches!$O$3:$O$502="Completed"))),"—") | E25: =IFERROR(IF(B25="","",SUMPRODUCT((Matches!$B$3:$B$502=$B$3)*(Matches!$D$3:$D$502=B25)*(Matches!$N$3:$N$502="Draw")*(Matches!$O$3:$O$502="Completed"))+SUMPRODUCT((Matches!$B$3:$B$502=$B$3)*(Matches!$E$3:$E$502=B25)*(Matches!$N$3:$N$502="Draw")*(Matches!$O$3:$O$502="Completed"))),"—") | F25: =IFERROR(IF(B25="","",IF(ISNUMBER(C25),C25-D25-E25,"—")),"—") | G25: =IFERROR(IF(B25="","",IF(ISNUMBER(D25),D25*Setup!$B$8+E25*Setup!$B$9+F25*Setup!$B$10,"—")),"—") | H25: =IFERROR(IF(B25="","",SUMPRODUCT((Matches!$B$3:$B$502=$B$3)*(Matches!$D$3:$D$502=B25)*(Matches!$O$3:$O$502="Completed")*IF(ISNUMBER(Matches!$L$3:$L$502),Matches!$L$3:$L$502,0))+SUMPRODUCT((Matches!$B$3:$B$502=$B$3)*(Matches!$E$3:$E$502=B25)*(Matches!$O$3:$O$502="Completed")*IF(ISNUMBER(Matches!$M$3:$M$502),Matches!$M$3:$M$502,0))),"—") | I25: =IFERROR(IF(B25="","",SUMPRODUCT((Matches!$B$3:$B$502=$B$3)*(Matches!$D$3:$D$502=B25)*(Matches!$O$3:$O$502="Completed")*IF(ISNUMBER(Matches!$M$3:$M$502),Matches!$M$3:$M$502,0))+SUMPRODUCT((Matches!$B$3:$B$502=$B$3)*(Matches!$E$3:$E$502=B25)*(Matches!$O$3:$O$502="Completed")*IF(ISNUMBER(Matches!$L$3:$L$502),Matches!$L$3:$L$502,0))),"—") | J25: =IFERROR(IF(B25="","",IF(ISNUMBER(H25),H25-I25,"—")),"—")
B26: =IFERROR(INDEX(Teams!$B$3:$B$52,SMALL(IF(Teams!$A$3:$A$52="A",ROW(Teams!$A$3:$A$52)-ROW(Teams!$A$3)+1),20)),"") | C26: =IFERROR(IF(B26="","",SUMPRODUCT((Matches!$B$3:$B$502=$B$3)*(Matches!$D$3:$D$502=B26)*(Matches!$O$3:$O$502="Completed"))+SUMPRODUCT((Matches!$B$3:$B$502=$B$3)*(Matches!$E$3:$E$502=B26)*(Matches!$O$3:$O$502="Completed"))),"—") | D26: =IFERROR(IF(B26="","",SUMPRODUCT((Matches!$B$3:$B$502=$B$3)*(Matches!$D$3:$D$502=B26)*(Matches!$N$3:$N$502=B26)*(Matches!$O$3:$O$502="Completed"))+SUMPRODUCT((Matches!$B$3:$B$502=$B$3)*(Matches!$E$3:$E$502=B26)*(Matches!$N$3:$N$502=B26)*(Matches!$O$3:$O$502="Completed"))),"—") | E26: =IFERROR(IF(B26="","",SUMPRODUCT((Matches!$B$3:$B$502=$B$3)*(Matches!$D$3:$D$502=B26)*(Matches!$N$3:$N$502="Draw")*(Matches!$O$3:$O$502="Completed"))+SUMPRODUCT((Matches!$B$3:$B$502=$B$3)*(Matches!$E$3:$E$502=B26)*(Matches!$N$3:$N$502="Draw")*(Matches!$O$3:$O$502="Completed"))),"—") | F26: =IFERROR(IF(B26="","",IF(ISNUMBER(C26),C26-D26-E26,"—")),"—") | G26: =IFERROR(IF(B26="","",IF(ISNUMBER(D26),D26*Setup!$B$8+E26*Setup!$B$9+F26*Setup!$B$10,"—")),"—") | H26: =IFERROR(IF(B26="","",SUMPRODUCT((Matches!$B$3:$B$502=$B$3)*(Matches!$D$3:$D$502=B26)*(Matches!$O$3:$O$502="Completed")*IF(ISNUMBER(Matches!$L$3:$L$502),Matches!$L$3:$L$502,0))+SUMPRODUCT((Matches!$B$3:$B$502=$B$3)*(Matches!$E$3:$E$502=B26)*(Matches!$O$3:$O$502="Completed")*IF(ISNUMBER(Matches!$M$3:$M$502),Matches!$M$3:$M$502,0))),"—") | I26: =IFERROR(IF(B26="","",SUMPRODUCT((Matches!$B$3:$B$502=$B$3)*(Matches!$D$3:$D$502=B26)*(Matches!$O$3:$O$502="Completed")*IF(ISNUMBER(Matches!$M$3:$M$502),Matches!$M$3:$M$502,0))+SUMPRODUCT((Matches!$B$3:$B$502=$B$3)*(Matches!$E$3:$E$502=B26)*(Matches!$O$3:$O$502="Completed")*IF(ISNUMBER(Matches!$L$3:$L$502),Matches!$L$3:$L$502,0))),"—") | J26: =IFERROR(IF(B26="","",IF(ISNUMBER(H26),H26-I26,"—")),"—")
A30: DIVISION B
A31: Pos | B31: Team | C31: Played | D31: Won | E31: Drawn | F31: Lost | G31: Points | H31: GF | I31: GA | J31: Diff
B32: =IFERROR(INDEX(Teams!$B$3:$B$52,SMALL(IF(Teams!$A$3:$A$52="B",ROW(Teams!$A$3:$A$52)-ROW(Teams!$A$3)+1),1)),"") | C32: =IFERROR(IF(B32="","",SUMPRODUCT((Matches!$B$3:$B$502=$B$3)*(Matches!$D$3:$D$502=B32)*(Matches!$O$3:$O$502="Completed"))+SUMPRODUCT((Matches!$B$3:$B$502=$B$3)*(Matches!$E$3:$E$502=B32)*(Matches!$O$3:$O$502="Completed"))),"—") | D32: =IFERROR(IF(B32="","",SUMPRODUCT((Matches!$B$3:$B$502=$B$3)*(Matches!$D$3:$D$502=B32)*(Matches!$N$3:$N$502=B32)*(Matches!$O$3:$O$502="Completed"))+SUMPRODUCT((Matches!$B$3:$B$502=$B$3)*(Matches!$E$3:$E$502=B32)*(Matches!$N$3:$N$502=B32)*(Matches!$O$3:$O$502="Completed"))),"—") | E32: =IFERROR(IF(B32="","",SUMPRODUCT((Matches!$B$3:$B$502=$B$3)*(Matches!$D$3:$D$502=B32)*(Matches!$N$3:$N$502="Draw")*(Matches!$O$3:$O$502="Completed"))+SUMPRODUCT((Matches!$B$3:$B$502=$B$3)*(Matches!$E$3:$E$502=B32)*(Matches!$N$3:$N$502="Draw")*(Matches!$O$3:$O$502="Completed"))),"—") | F32: =IFERROR(IF(B32="","",IF(ISNUMBER(C32),C32-D32-E32,"—")),"—") | G32: =IFERROR(IF(B32="","",IF(ISNUMBER(D32),D32*Setup!$B$8+E32*Setup!$B$9+F32*Setup!$B$10,"—")),"—") | H32: =IFERROR(IF(B32="","",SUMPRODUCT((Matches!$B$3:$B$502=$B$3)*(Matches!$D$3:$D$502=B32)*(Matches!$O$3:$O$502="Completed")*IF(ISNUMBER(Matches!$L$3:$L$502),Matches!$L$3:$L$502,0))+SUMPRODUCT((Matches!$B$3:$B$502=$B$3)*(Matches!$E$3:$E$502=B32)*(Matches!$O$3:$O$502="Completed")*IF(ISNUMBER(Matches!$M$3:$M$502),Matches!$M$3:$M$502,0))),"—") | I32: =IFERROR(IF(B32="","",SUMPRODUCT((Matches!$B$3:$B$502=$B$3)*(Matches!$D$3:$D$502=B32)*(Matches!$O$3:$O$502="Completed")*IF(ISNUMBER(Matches!$M$3:$M$502),Matches!$M$3:$M$502,0))+SUMPRODUCT((Matches!$B$3:$B$502=$B$3)*(Matches!$E$3:$E$502=B32)*(Matches!$O$3:$O$502="Completed")*IF(ISNUMBER(Matches!$L$3:$L$502),Matches!$L$3:$L$502,0))),"—") | J32: =IFERROR(IF(B32="","",IF(ISNUMBER(H32),H32-I32,"—")),"—")
B33: =IFERROR(INDEX(Teams!$B$3:$B$52,SMALL(IF(Teams!$A$3:$A$52="B",ROW(Teams!$A$3:$A$52)-ROW(Teams!$A$3)+1),2)),"") | C33: =IFERROR(IF(B33="","",SUMPRODUCT((Matches!$B$3:$B$502=$B$3)*(Matches!$D$3:$D$502=B33)*(Matches!$O$3:$O$502="Completed"))+SUMPRODUCT((Matches!$B$3:$B$502=$B$3)*(Matches!$E$3:$E$502=B33)*(Matches!$O$3:$O$502="Completed"))),"—") | D33: =IFERROR(IF(B33="","",SUMPRODUCT((Matches!$B$3:$B$502=$B$3)*(Matches!$D$3:$D$502=B33)*(Matches!$N$3:$N$502=B33)*(Matches!$O$3:$O$502="Completed"))+SUMPRODUCT((Matches!$B$3:$B$502=$B$3)*(Matches!$E$3:$E$502=B33)*(Matches!$N$3:$N$502=B33)*(Matches!$O$3:$O$502="Completed"))),"—") | E33: =IFERROR(IF(B33="","",SUMPRODUCT((Matches!$B$3:$B$502=$B$3)*(Matches!$D$3:$D$502=B33)*(Matches!$N$3:$N$502="Draw")*(Matches!$O$3:$O$502="Completed"))+SUMPRODUCT((Matches!$B$3:$B$502=$B$3)*(Matches!$E$3:$E$502=B33)*(Matches!$N$3:$N$502="Draw")*(Matches!$O$3:$O$502="Completed"))),"—") | F33: =IFERROR(IF(B33="","",IF(ISNUMBER(C33),C33-D33-E33,"—")),"—") | G33: =IFERROR(IF(B33="","",IF(ISNUMBER(D33),D33*Setup!$B$8+E33*Setup!$B$9+F33*Setup!$B$10,"—")),"—") | H33: =IFERROR(IF(B33="","",SUMPRODUCT((Matches!$B$3:$B$502=$B$3)*(Matches!$D$3:$D$502=B33)*(Matches!$O$3:$O$502="Completed")*IF(ISNUMBER(Matches!$L$3:$L$502),Matches!$L$3:$L$502,0))+SUMPRODUCT((Matches!$B$3:$B$502=$B$3)*(Matches!$E$3:$E$502=B33)*(Matches!$O$3:$O$502="Completed")*IF(ISNUMBER(Matches!$M$3:$M$502),Matches!$M$3:$M$502,0))),"—") | I33: =IFERROR(IF(B33="","",SUMPRODUCT((Matches!$B$3:$B$502=$B$3)*(Matches!$D$3:$D$502=B33)*(Matches!$O$3:$O$502="Completed")*IF(ISNUMBER(Matches!$M$3:$M$502),Matches!$M$3:$M$502,0))+SUMPRODUCT((Matches!$B$3:$B$502=$B$3)*(Matches!$E$3:$E$502=B33)*(Matches!$O$3:$O$502="Completed")*IF(ISNUMBER(Matches!$L$3:$L$502),Matches!$L$3:$L$502,0))),"—") | J33: =IFERROR(IF(B33="","",IF(ISNUMBER(H33),H33-I33,"—")),"—")
B34: =IFERROR(INDEX(Teams!$B$3:$B$52,SMALL(IF(Teams!$A$3:$A$52="B",ROW(Teams!$A$3:$A$52)-ROW(Teams!$A$3)+1),3)),"") | C34: =IFERROR(IF(B34="","",SUMPRODUCT((Matches!$B$3:$B$502=$B$3)*(Matches!$D$3:$D$502=B34)*(Matches!$O$3:$O$502="Completed"))+SUMPRODUCT((Matches!$B$3:$B$502=$B$3)*(Matches!$E$3:$E$502=B34)*(Matches!$O$3:$O$502="Completed"))),"—") | D34: =IFERROR(IF(B34="","",SUMPRODUCT((Matches!$B$3:$B$502=$B$3)*(Matches!$D$3:$D$502=B34)*(Matches!$N$3:$N$502=B34)*(Matches!$O$3:$O$502="Completed"))+SUMPRODUCT((Matches!$B$3:$B$502=$B$3)*(Matches!$E$3:$E$502=B34)*(Matches!$N$3:$N$502=B34)*(Matches!$O$3:$O$502="Completed"))),"—") | E34: =IFERROR(IF(B34="","",SUMPRODUCT((Matches!$B$3:$B$502=$B$3)*(Matches!$D$3:$D$502=B34)*(Matches!$N$3:$N$502="Draw")*(Matches!$O$3:$O$502="Completed"))+SUMPRODUCT((Matches!$B$3:$B$502=$B$3)*(Matches!$E$3:$E$502=B34)*(Matches!$N$3:$N$502="Draw")*(Matches!$O$3:$O$502="Completed"))),"—") | F34: =IFERROR(IF(B34="","",IF(ISNUMBER(C34),C34-D34-E34,"—")),"—") | G34: =IFERROR(IF(B34="","",IF(ISNUMBER(D34),D34*Setup!$B$8+E34*Setup!$B$9+F34*Setup!$B$10,"—")),"—") | H34: =IFERROR(IF(B34="","",SUMPRODUCT((Matches!$B$3:$B$502=$B$3)*(Matches!$D$3:$D$502=B34)*(Matches!$O$3:$O$502="Completed")*IF(ISNUMBER(Matches!$L$3:$L$502),Matches!$L$3:$L$502,0))+SUMPRODUCT((Matches!$B$3:$B$502=$B$3)*(Matches!$E$3:$E$502=B34)*(Matches!$O$3:$O$502="Completed")*IF(ISNUMBER(Matches!$M$3:$M$502),Matches!$M$3:$M$502,0))),"—") | I34: =IFERROR(IF(B34="","",SUMPRODUCT((Matches!$B$3:$B$502=$B$3)*(Matches!$D$3:$D$502=B34)*(Matches!$O$3:$O$502="Completed")*IF(ISNUMBER(Matches!$M$3:$M$502),Matches!$M$3:$M$502,0))+SUMPRODUCT((Matches!$B$3:$B$502=$B$3)*(Matches!$E$3:$E$502=B34)*(Matches!$O$3:$O$502="Completed")*IF(ISNUMBER(Matches!$L$3:$L$502),Matches!$L$3:$L$502,0))),"—") | J34: =IFERROR(IF(B34="","",IF(ISNUMBER(H34),H34-I34,"—")),"—")
B35: =IFERROR(INDEX(Teams!$B$3:$B$52,SMALL(IF(Teams!$A$3:$A$52="B",ROW(Teams!$A$3:$A$52)-ROW(Teams!$A$3)+1),4)),"") | C35: =IFERROR(IF(B35="","",SUMPRODUCT((Matches!$B$3:$B$502=$B$3)*(Matches!$D$3:$D$502=B35)*(Matches!$O$3:$O$502="Completed"))+SUMPRODUCT((Matches!$B$3:$B$502=$B$3)*(Matches!$E$3:$E$502=B35)*(Matches!$O$3:$O$502="Completed"))),"—") | D35: =IFERROR(IF(B35="","",SUMPRODUCT((Matches!$B$3:$B$502=$B$3)*(Matches!$D$3:$D$502=B35)*(Matches!$N$3:$N$502=B35)*(Matches!$O$3:$O$502="Completed"))+SUMPRODUCT((Matches!$B$3:$B$502=$B$3)*(Matches!$E$3:$E$502=B35)*(Matches!$N$3:$N$502=B35)*(Matches!$O$3:$O$502="Completed"))),"—") | E35: =IFERROR(IF(B35="","",SUMPRODUCT((Matches!$B$3:$B$502=$B$3)*(Matches!$D$3:$D$502=B35)*(Matches!$N$3:$N$502="Draw")*(Matches!$O$3:$O$502="Completed"))+SUMPRODUCT((Matches!$B$3:$B$502=$B$3)*(Matches!$E$3:$E$502=B35)*(Matches!$N$3:$N$502="Draw")*(Matches!$O$3:$O$502="Completed"))),"—") | F35: =IFERROR(IF(B35="","",IF(ISNUMBER(C35),C35-D35-E35,"—")),"—") | G35: =IFERROR(IF(B35="","",IF(ISNUMBER(D35),D35*Setup!$B$8+E35*Setup!$B$9+F35*Setup!$B$10,"—")),"—") | H35: =IFERROR(IF(B35="","",SUMPRODUCT((Matches!$B$3:$B$502=$B$3)*(Matches!$D$3:$D$502=B35)*(Matches!$O$3:$O$502="Completed")*IF(ISNUMBER(Matches!$L$3:$L$502),Matches!$L$3:$L$502,0))+SUMPRODUCT((Matches!$B$3:$B$502=$B$3)*(Matches!$E$3:$E$502=B35)*(Matches!$O$3:$O$502="Completed")*IF(ISNUMBER(Matches!$M$3:$M$502),Matches!$M$3:$M$502,0))),"—") | I35: =IFERROR(IF(B35="","",SUMPRODUCT((Matches!$B$3:$B$502=$B$3)*(Matches!$D$3:$D$502=B35)*(Matches!$O$3:$O$502="Completed")*IF(ISNUMBER(Matches!$M$3:$M$502),Matches!$M$3:$M$502,0))+SUMPRODUCT((Matches!$B$3:$B$502=$B$3)*(Matches!$E$3:$E$502=B35)*(Matches!$O$3:$O$502="Completed")*IF(ISNUMBER(Matches!$L$3:$L$502),Matches!$L$3:$L$502,0))),"—") | J35: =IFERROR(IF(B35="","",IF(ISNUMBER(H35),H35-I35,"—")),"—")
B36: =IFERROR(INDEX(Teams!$B$3:$B$52,SMALL(IF(Teams!$A$3:$A$52="B",ROW(Teams!$A$3:$A$52)-ROW(Teams!$A$3)+1),5)),"") | C36: =IFERROR(IF(B36="","",SUMPRODUCT((Matches!$B$3:$B$502=$B$3)*(Matches!$D$3:$D$502=B36)*(Matches!$O$3:$O$502="Completed"))+SUMPRODUCT((Matches!$B$3:$B$502=$B$3)*(Matches!$E$3:$E$502=B36)*(Matches!$O$3:$O$502="Completed"))),"—") | D36: =IFERROR(IF(B36="","",SUMPRODUCT((Matches!$B$3:$B$502=$B$3)*(Matches!$D$3:$D$502=B36)*(Matches!$N$3:$N$502=B36)*(Matches!$O$3:$O$502="Completed"))+SUMPRODUCT((Matches!$B$3:$B$502=$B$3)*(Matches!$E$3:$E$502=B36)*(Matches!$N$3:$N$502=B36)*(Matches!$O$3:$O$502="Completed"))),"—") | E36: =IFERROR(IF(B36="","",SUMPRODUCT((Matches!$B$3:$B$502=$B$3)*(Matches!$D$3:$D$502=B36)*(Matches!$N$3:$N$502="Draw")*(Matches!$O$3:$O$502="Completed"))+SUMPRODUCT((Matches!$B$3:$B$502=$B$3)*(Matches!$E$3:$E$502=B36)*(Matches!$N$3:$N$502="Draw")*(Matches!$O$3:$O$502="Completed"))),"—") | F36: =IFERROR(IF(B36="","",IF(ISNUMBER(C36),C36-D36-E36,"—")),"—") | G36: =IFERROR(IF(B36="","",IF(ISNUMBER(D36),D36*Setup!$B$8+E36*Setup!$B$9+F36*Setup!$B$10,"—")),"—") | H36: =IFERROR(IF(B36="","",SUMPRODUCT((Matches!$B$3:$B$502=$B$3)*(Matches!$D$3:$D$502=B36)*(Matches!$O$3:$O$502="Completed")*IF(ISNUMBER(Matches!$L$3:$L$502),Matches!$L$3:$L$502,0))+SUMPRODUCT((Matches!$B$3:$B$502=$B$3)*(Matches!$E$3:$E$502=B36)*(Matches!$O$3:$O$502="Completed")*IF(ISNUMBER(Matches!$M$3:$M$502),Matches!$M$3:$M$502,0))),"—") | I36: =IFERROR(IF(B36="","",SUMPRODUCT((Matches!$B$3:$B$502=$B$3)*(Matches!$D$3:$D$502=B36)*(Matches!$O$3:$O$502="Completed")*IF(ISNUMBER(Matches!$M$3:$M$502),Matches!$M$3:$M$502,0))+SUMPRODUCT((Matches!$B$3:$B$502=$B$3)*(Matches!$E$3:$E$502=B36)*(Matches!$O$3:$O$502="Completed")*IF(ISNUMBER(Matches!$L$3:$L$502),Matches!$L$3:$L$502,0))),"—") | J36: =IFERROR(IF(B36="","",IF(ISNUMBER(H36),H36-I36,"—")),"—")
B37: =IFERROR(INDEX(Teams!$B$3:$B$52,SMALL(IF(Teams!$A$3:$A$52="B",ROW(Teams!$A$3:$A$52)-ROW(Teams!$A$3)+1),6)),"") | C37: =IFERROR(IF(B37="","",SUMPRODUCT((Matches!$B$3:$B$502=$B$3)*(Matches!$D$3:$D$502=B37)*(Matches!$O$3:$O$502="Completed"))+SUMPRODUCT((Matches!$B$3:$B$502=$B$3)*(Matches!$E$3:$E$502=B37)*(Matches!$O$3:$O$502="Completed"))),"—") | D37: =IFERROR(IF(B37="","",SUMPRODUCT((Matches!$B$3:$B$502=$B$3)*(Matches!$D$3:$D$502=B37)*(Matches!$N$3:$N$502=B37)*(Matches!$O$3:$O$502="Completed"))+SUMPRODUCT((Matches!$B$3:$B$502=$B$3)*(Matches!$E$3:$E$502=B37)*(Matches!$N$3:$N$502=B37)*(Matches!$O$3:$O$502="Completed"))),"—") | E37: =IFERROR(IF(B37="","",SUMPRODUCT((Matches!$B$3:$B$502=$B$3)*(Matches!$D$3:$D$502=B37)*(Matches!$N$3:$N$502="Draw")*(Matches!$O$3:$O$502="Completed"))+SUMPRODUCT((Matches!$B$3:$B$502=$B$3)*(Matches!$E$3:$E$502=B37)*(Matches!$N$3:$N$502="Draw")*(Matches!$O$3:$O$502="Completed"))),"—") | F37: =IFERROR(IF(B37="","",IF(ISNUMBER(C37),C37-D37-E37,"—")),"—") | G37: =IFERROR(IF(B37="","",IF(ISNUMBER(D37),D37*Setup!$B$8+E37*Setup!$B$9+F37*Setup!$B$10,"—")),"—") | H37: =IFERROR(IF(B37="","",SUMPRODUCT((Matches!$B$3:$B$502=$B$3)*(Matches!$D$3:$D$502=B37)*(Matches!$O$3:$O$502="Completed")*IF(ISNUMBER(Matches!$L$3:$L$502),Matches!$L$3:$L$502,0))+SUMPRODUCT((Matches!$B$3:$B$502=$B$3)*(Matches!$E$3:$E$502=B37)*(Matches!$O$3:$O$502="Completed")*IF(ISNUMBER(Matches!$M$3:$M$502),Matches!$M$3:$M$502,0))),"—") | I37: =IFERROR(IF(B37="","",SUMPRODUCT((Matches!$B$3:$B$502=$B$3)*(Matches!$D$3:$D$502=B37)*(Matches!$O$3:$O$502="Completed")*IF(ISNUMBER(Matches!$M$3:$M$502),Matches!$M$3:$M$502,0))+SUMPRODUCT((Matches!$B$3:$B$502=$B$3)*(Matches!$E$3:$E$502=B37)*(Matches!$O$3:$O$502="Completed")*IF(ISNUMBER(Matches!$L$3:$L$502),Matches!$L$3:$L$502,0))),"—") | J37: =IFERROR(IF(B37="","",IF(ISNUMBER(H37),H37-I37,"—")),"—")
B38: =IFERROR(INDEX(Teams!$B$3:$B$52,SMALL(IF(Teams!$A$3:$A$52="B",ROW(Teams!$A$3:$A$52)-ROW(Teams!$A$3)+1),7)),"") | C38: =IFERROR(IF(B38="","",SUMPRODUCT((Matches!$B$3:$B$502=$B$3)*(Matches!$D$3:$D$502=B38)*(Matches!$O$3:$O$502="Completed"))+SUMPRODUCT((Matches!$B$3:$B$502=$B$3)*(Matches!$E$3:$E$502=B38)*(Matches!$O$3:$O$502="Completed"))),"—") | D38: =IFERROR(IF(B38="","",SUMPRODUCT((Matches!$B$3:$B$502=$B$3)*(Matches!$D$3:$D$502=B38)*(Matches!$N$3:$N$502=B38)*(Matches!$O$3:$O$502="Completed"))+SUMPRODUCT((Matches!$B$3:$B$502=$B$3)*(Matches!$E$3:$E$502=B38)*(Matches!$N$3:$N$502=B38)*(Matches!$O$3:$O$502="Completed"))),"—") | E38: =IFERROR(IF(B38="","",SUMPRODUCT((Matches!$B$3:$B$502=$B$3)*(Matches!$D$3:$D$502=B38)*(Matches!$N$3:$N$502="Draw")*(Matches!$O$3:$O$502="Completed"))+SUMPRODUCT((Matches!$B$3:$B$502=$B$3)*(Matches!$E$3:$E$502=B38)*(Matches!$N$3:$N$502="Draw")*(Matches!$O$3:$O$502="Completed"))),"—") | F38: =IFERROR(IF(B38="","",IF(ISNUMBER(C38),C38-D38-E38,"—")),"—") | G38: =IFERROR(IF(B38="","",IF(ISNUMBER(D38),D38*Setup!$B$8+E38*Setup!$B$9+F38*Setup!$B$10,"—")),"—") | H38: =IFERROR(IF(B38="","",SUMPRODUCT((Matches!$B$3:$B$502=$B$3)*(Matches!$D$3:$D$502=B38)*(Matches!$O$3:$O$502="Completed")*IF(ISNUMBER(Matches!$L$3:$L$502),Matches!$L$3:$L$502,0))+SUMPRODUCT((Matches!$B$3:$B$502=$B$3)*(Matches!$E$3:$E$502=B38)*(Matches!$O$3:$O$502="Completed")*IF(ISNUMBER(Matches!$M$3:$M$502),Matches!$M$3:$M$502,0))),"—") | I38: =IFERROR(IF(B38="","",SUMPRODUCT((Matches!$B$3:$B$502=$B$3)*(Matches!$D$3:$D$502=B38)*(Matches!$O$3:$O$502="Completed")*IF(ISNUMBER(Matches!$M$3:$M$502),Matches!$M$3:$M$502,0))+SUMPRODUCT((Matches!$B$3:$B$502=$B$3)*(Matches!$E$3:$E$502=B38)*(Matches!$O$3:$O$502="Completed")*IF(ISNUMBER(Matches!$L$3:$L$502),Matches!$L$3:$L$502,0))),"—") | J38: =IFERROR(IF(B38="","",IF(ISNUMBER(H38),H38-I38,"—")),"—")
B39: =IFERROR(INDEX(Teams!$B$3:$B$52,SMALL(IF(Teams!$A$3:$A$52="B",ROW(Teams!$A$3:$A$52)-ROW(Teams!$A$3)+1),8)),"") | C39: =IFERROR(IF(B39="","",SUMPRODUCT((Matches!$B$3:$B$502=$B$3)*(Matches!$D$3:$D$502=B39)*(Matches!$O$3:$O$502="Completed"))+SUMPRODUCT((Matches!$B$3:$B$502=$B$3)*(Matches!$E$3:$E$502=B39)*(Matches!$O$3:$O$502="Completed"))),"—") | D39: =IFERROR(IF(B39="","",SUMPRODUCT((Matches!$B$3:$B$502=$B$3)*(Matches!$D$3:$D$502=B39)*(Matches!$N$3:$N$502=B39)*(Matches!$O$3:$O$502="Completed"))+SUMPRODUCT((Matches!$B$3:$B$502=$B$3)*(Matches!$E$3:$E$502=B39)*(Matches!$N$3:$N$502=B39)*(Matches!$O$3:$O$502="Completed"))),"—") | E39: =IFERROR(IF(B39="","",SUMPRODUCT((Matches!$B$3:$B$502=$B$3)*(Matches!$D$3:$D$502=B39)*(Matches!$N$3:$N$502="Draw")*(Matches!$O$3:$O$502="Completed"))+SUMPRODUCT((Matches!$B$3:$B$502=$B$3)*(Matches!$E$3:$E$502=B39)*(Matches!$N$3:$N$502="Draw")*(Matches!$O$3:$O$502="Completed"))),"—") | F39: =IFERROR(IF(B39="","",IF(ISNUMBER(C39),C39-D39-E39,"—")),"—") | G39: =IFERROR(IF(B39="","",IF(ISNUMBER(D39),D39*Setup!$B$8+E39*Setup!$B$9+F39*Setup!$B$10,"—")),"—") | H39: =IFERROR(IF(B39="","",SUMPRODUCT((Matches!$B$3:$B$502=$B$3)*(Matches!$D$3:$D$502=B39)*(Matches!$O$3:$O$502="Completed")*IF(ISNUMBER(Matches!$L$3:$L$502),Matches!$L$3:$L$502,0))+SUMPRODUCT((Matches!$B$3:$B$502=$B$3)*(Matches!$E$3:$E$502=B39)*(Matches!$O$3:$O$502="Completed")*IF(ISNUMBER(Matches!$M$3:$M$502),Matches!$M$3:$M$502,0))),"—") | I39: =IFERROR(IF(B39="","",SUMPRODUCT((Matches!$B$3:$B$502=$B$3)*(Matches!$D$3:$D$502=B39)*(Matches!$O$3:$O$502="Completed")*IF(ISNUMBER(Matches!$M$3:$M$502),Matches!$M$3:$M$502,0))+SUMPRODUCT((Matches!$B$3:$B$502=$B$3)*(Matches!$E$3:$E$502=B39)*(Matches!$O$3:$O$502="Completed")*IF(ISNUMBER(Matches!$L$3:$L$502),Matches!$L$3:$L$502,0))),"—") | J39: =IFERROR(IF(B39="","",IF(ISNUMBER(H39),H39-I39,"—")),"—")
B40: =IFERROR(INDEX(Teams!$B$3:$B$52,SMALL(IF(Teams!$A$3:$A$52="B",ROW(Teams!$A$3:$A$52)-ROW(Teams!$A$3)+1),9)),"") | C40: =IFERROR(IF(B40="","",SUMPRODUCT((Matches!$B$3:$B$502=$B$3)*(Matches!$D$3:$D$502=B40)*(Matches!$O$3:$O$502="Completed"))+SUMPRODUCT((Matches!$B$3:$B$502=$B$3)*(Matches!$E$3:$E$502=B40)*(Matches!$O$3:$O$502="Completed"))),"—") | D40: =IFERROR(IF(B40="","",SUMPRODUCT((Matches!$B$3:$B$502=$B$3)*(Matches!$D$3:$D$502=B40)*(Matches!$N$3:$N$502=B40)*(Matches!$O$3:$O$502="Completed"))+SUMPRODUCT((Matches!$B$3:$B$502=$B$3)*(Matches!$E$3:$E$502=B40)*(Matches!$N$3:$N$502=B40)*(Matches!$O$3:$O$502="Completed"))),"—") | E40: =IFERROR(IF(B40="","",SUMPRODUCT((Matches!$B$3:$B$502=$B$3)*(Matches!$D$3:$D$502=B40)*(Matches!$N$3:$N$502="Draw")*(Matches!$O$3:$O$502="Completed"))+SUMPRODUCT((Matches!$B$3:$B$502=$B$3)*(Matches!$E$3:$E$502=B40)*(Matches!$N$3:$N$502="Draw")*(Matches!$O$3:$O$502="Completed"))),"—") | F40: =IFERROR(IF(B40="","",IF(ISNUMBER(C40),C40-D40-E40,"—")),"—") | G40: =IFERROR(IF(B40="","",IF(ISNUMBER(D40),D40*Setup!$B$8+E40*Setup!$B$9+F40*Setup!$B$10,"—")),"—") | H40: =IFERROR(IF(B40="","",SUMPRODUCT((Matches!$B$3:$B$502=$B$3)*(Matches!$D$3:$D$502=B40)*(Matches!$O$3:$O$502="Completed")*IF(ISNUMBER(Matches!$L$3:$L$502),Matches!$L$3:$L$502,0))+SUMPRODUCT((Matches!$B$3:$B$502=$B$3)*(Matches!$E$3:$E$502=B40)*(Matches!$O$3:$O$502="Completed")*IF(ISNUMBER(Matches!$M$3:$M$502),Matches!$M$3:$M$502,0))),"—") | I40: =IFERROR(IF(B40="","",SUMPRODUCT((Matches!$B$3:$B$502=$B$3)*(Matches!$D$3:$D$502=B40)*(Matches!$O$3:$O$502="Completed")*IF(ISNUMBER(Matches!$M$3:$M$502),Matches!$M$3:$M$502,0))+SUMPRODUCT((Matches!$B$3:$B$502=$B$3)*(Matches!$E$3:$E$502=B40)*(Matches!$O$3:$O$502="Completed")*IF(ISNUMBER(Matches!$L$3:$L$502),Matches!$L$3:$L$502,0))),"—") | J40: =IFERROR(IF(B40="","",IF(ISNUMBER(H40),H40-I40,"—")),"—")
B41: =IFERROR(INDEX(Teams!$B$3:$B$52,SMALL(IF(Teams!$A$3:$A$52="B",ROW(Teams!$A$3:$A$52)-ROW(Teams!$A$3)+1),10)),"") | C41: =IFERROR(IF(B41="","",SUMPRODUCT((Matches!$B$3:$B$502=$B$3)*(Matches!$D$3:$D$502=B41)*(Matches!$O$3:$O$502="Completed"))+SUMPRODUCT((Matches!$B$3:$B$502=$B$3)*(Matches!$E$3:$E$502=B41)*(Matches!$O$3:$O$502="Completed"))),"—") | D41: =IFERROR(IF(B41="","",SUMPRODUCT((Matches!$B$3:$B$502=$B$3)*(Matches!$D$3:$D$502=B41)*(Matches!$N$3:$N$502=B41)*(Matches!$O$3:$O$502="Completed"))+SUMPRODUCT((Matches!$B$3:$B$502=$B$3)*(Matches!$E$3:$E$502=B41)*(Matches!$N$3:$N$502=B41)*(Matches!$O$3:$O$502="Completed"))),"—") | E41: =IFERROR(IF(B41="","",SUMPRODUCT((Matches!$B$3:$B$502=$B$3)*(Matches!$D$3:$D$502=B41)*(Matches!$N$3:$N$502="Draw")*(Matches!$O$3:$O$502="Completed"))+SUMPRODUCT((Matches!$B$3:$B$502=$B$3)*(Matches!$E$3:$E$502=B41)*(Matches!$N$3:$N$502="Draw")*(Matches!$O$3:$O$502="Completed"))),"—") | F41: =IFERROR(IF(B41="","",IF(ISNUMBER(C41),C41-D41-E41,"—")),"—") | G41: =IFERROR(IF(B41="","",IF(ISNUMBER(D41),D41*Setup!$B$8+E41*Setup!$B$9+F41*Setup!$B$10,"—")),"—") | H41: =IFERROR(IF(B41="","",SUMPRODUCT((Matches!$B$3:$B$502=$B$3)*(Matches!$D$3:$D$502=B41)*(Matches!$O$3:$O$502="Completed")*IF(ISNUMBER(Matches!$L$3:$L$502),Matches!$L$3:$L$502,0))+SUMPRODUCT((Matches!$B$3:$B$502=$B$3)*(Matches!$E$3:$E$502=B41)*(Matches!$O$3:$O$502="Completed")*IF(ISNUMBER(Matches!$M$3:$M$502),Matches!$M$3:$M$502,0))),"—") | I41: =IFERROR(IF(B41="","",SUMPRODUCT((Matches!$B$3:$B$502=$B$3)*(Matches!$D$3:$D$502=B41)*(Matches!$O$3:$O$502="Completed")*IF(ISNUMBER(Matches!$M$3:$M$502),Matches!$M$3:$M$502,0))+SUMPRODUCT((Matches!$B$3:$B$502=$B$3)*(Matches!$E$3:$E$502=B41)*(Matches!$O$3:$O$502="Completed")*IF(ISNUMBER(Matches!$L$3:$L$502),Matches!$L$3:$L$502,0))),"—") | J41: =IFERROR(IF(B41="","",IF(ISNUMBER(H41),H41-I41,"—")),"—")
B42: =IFERROR(INDEX(Teams!$B$3:$B$52,SMALL(IF(Teams!$A$3:$A$52="B",ROW(Teams!$A$3:$A$52)-ROW(Teams!$A$3)+1),11)),"") | C42: =IFERROR(IF(B42="","",SUMPRODUCT((Matches!$B$3:$B$502=$B$3)*(Matches!$D$3:$D$502=B42)*(Matches!$O$3:$O$502="Completed"))+SUMPRODUCT((Matches!$B$3:$B$502=$B$3)*(Matches!$E$3:$E$502=B42)*(Matches!$O$3:$O$502="Completed"))),"—") | D42: =IFERROR(IF(B42="","",SUMPRODUCT((Matches!$B$3:$B$502=$B$3)*(Matches!$D$3:$D$502=B42)*(Matches!$N$3:$N$502=B42)*(Matches!$O$3:$O$502="Completed"))+SUMPRODUCT((Matches!$B$3:$B$502=$B$3)*(Matches!$E$3:$E$502=B42)*(Matches!$N$3:$N$502=B42)*(Matches!$O$3:$O$502="Completed"))),"—") | E42: =IFERROR(IF(B42="","",SUMPRODUCT((Matches!$B$3:$B$502=$B$3)*(Matches!$D$3:$D$502=B42)*(Matches!$N$3:$N$502="Draw")*(Matches!$O$3:$O$502="Completed"))+SUMPRODUCT((Matches!$B$3:$B$502=$B$3)*(Matches!$E$3:$E$502=B42)*(Matches!$N$3:$N$502="Draw")*(Matches!$O$3:$O$502="Completed"))),"—") | F42: =IFERROR(IF(B42="","",IF(ISNUMBER(C42),C42-D42-E42,"—")),"—") | G42: =IFERROR(IF(B42="","",IF(ISNUMBER(D42),D42*Setup!$B$8+E42*Setup!$B$9+F42*Setup!$B$10,"—")),"—") | H42: =IFERROR(IF(B42="","",SUMPRODUCT((Matches!$B$3:$B$502=$B$3)*(Matches!$D$3:$D$502=B42)*(Matches!$O$3:$O$502="Completed")*IF(ISNUMBER(Matches!$L$3:$L$502),Matches!$L$3:$L$502,0))+SUMPRODUCT((Matches!$B$3:$B$502=$B$3)*(Matches!$E$3:$E$502=B42)*(Matches!$O$3:$O$502="Completed")*IF(ISNUMBER(Matches!$M$3:$M$502),Matches!$M$3:$M$502,0))),"—") | I42: =IFERROR(IF(B42="","",SUMPRODUCT((Matches!$B$3:$B$502=$B$3)*(Matches!$D$3:$D$502=B42)*(Matches!$O$3:$O$502="Completed")*IF(ISNUMBER(Matches!$M$3:$M$502),Matches!$M$3:$M$502,0))+SUMPRODUCT((Matches!$B$3:$B$502=$B$3)*(Matches!$E$3:$E$502=B42)*(Matches!$O$3:$O$502="Completed")*IF(ISNUMBER(Matches!$L$3:$L$502),Matches!$L$3:$L$502,0))),"—") | J42: =IFERROR(IF(B42="","",IF(ISNUMBER(H42),H42-I42,"—")),"—")
B43: =IFERROR(INDEX(Teams!$B$3:$B$52,SMALL(IF(Teams!$A$3:$A$52="B",ROW(Teams!$A$3:$A$52)-ROW(Teams!$A$3)+1),12)),"") | C43: =IFERROR(IF(B43="","",SUMPRODUCT((Matches!$B$3:$B$502=$B$3)*(Matches!$D$3:$D$502=B43)*(Matches!$O$3:$O$502="Completed"))+SUMPRODUCT((Matches!$B$3:$B$502=$B$3)*(Matches!$E$3:$E$502=B43)*(Matches!$O$3:$O$502="Completed"))),"—") | D43: =IFERROR(IF(B43="","",SUMPRODUCT((Matches!$B$3:$B$502=$B$3)*(Matches!$D$3:$D$502=B43)*(Matches!$N$3:$N$502=B43)*(Matches!$O$3:$O$502="Completed"))+SUMPRODUCT((Matches!$B$3:$B$502=$B$3)*(Matches!$E$3:$E$502=B43)*(Matches!$N$3:$N$502=B43)*(Matches!$O$3:$O$502="Completed"))),"—") | E43: =IFERROR(IF(B43="","",SUMPRODUCT((Matches!$B$3:$B$502=$B$3)*(Matches!$D$3:$D$502=B43)*(Matches!$N$3:$N$502="Draw")*(Matches!$O$3:$O$502="Completed"))+SUMPRODUCT((Matches!$B$3:$B$502=$B$3)*(Matches!$E$3:$E$502=B43)*(Matches!$N$3:$N$502="Draw")*(Matches!$O$3:$O$502="Completed"))),"—") | F43: =IFERROR(IF(B43="","",IF(ISNUMBER(C43),C43-D43-E43,"—")),"—") | G43: =IFERROR(IF(B43="","",IF(ISNUMBER(D43),D43*Setup!$B$8+E43*Setup!$B$9+F43*Setup!$B$10,"—")),"—") | H43: =IFERROR(IF(B43="","",SUMPRODUCT((Matches!$B$3:$B$502=$B$3)*(Matches!$D$3:$D$502=B43)*(Matches!$O$3:$O$502="Completed")*IF(ISNUMBER(Matches!$L$3:$L$502),Matches!$L$3:$L$502,0))+SUMPRODUCT((Matches!$B$3:$B$502=$B$3)*(Matches!$E$3:$E$502=B43)*(Matches!$O$3:$O$502="Completed")*IF(ISNUMBER(Matches!$M$3:$M$502),Matches!$M$3:$M$502,0))),"—") | I43: =IFERROR(IF(B43="","",SUMPRODUCT((Matches!$B$3:$B$502=$B$3)*(Matches!$D$3:$D$502=B43)*(Matches!$O$3:$O$502="Completed")*IF(ISNUMBER(Matches!$M$3:$M$502),Matches!$M$3:$M$502,0))+SUMPRODUCT((Matches!$B$3:$B$502=$B$3)*(Matches!$E$3:$E$502=B43)*(Matches!$O$3:$O$502="Completed")*IF(ISNUMBER(Matches!$L$3:$L$502),Matches!$L$3:$L$502,0))),"—") | J43: =IFERROR(IF(B43="","",IF(ISNUMBER(H43),H43-I43,"—")),"—")
B44: =IFERROR(INDEX(Teams!$B$3:$B$52,SMALL(IF(Teams!$A$3:$A$52="B",ROW(Teams!$A$3:$A$52)-ROW(Teams!$A$3)+1),13)),"") | C44: =IFERROR(IF(B44="","",SUMPRODUCT((Matches!$B$3:$B$502=$B$3)*(Matches!$D$3:$D$502=B44)*(Matches!$O$3:$O$502="Completed"))+SUMPRODUCT((Matches!$B$3:$B$502=$B$3)*(Matches!$E$3:$E$502=B44)*(Matches!$O$3:$O$502="Completed"))),"—") | D44: =IFERROR(IF(B44="","",SUMPRODUCT((Matches!$B$3:$B$502=$B$3)*(Matches!$D$3:$D$502=B44)*(Matches!$N$3:$N$502=B44)*(Matches!$O$3:$O$502="Completed"))+SUMPRODUCT((Matches!$B$3:$B$502=$B$3)*(Matches!$E$3:$E$502=B44)*(Matches!$N$3:$N$502=B44)*(Matches!$O$3:$O$502="Completed"))),"—") | E44: =IFERROR(IF(B44="","",SUMPRODUCT((Matches!$B$3:$B$502=$B$3)*(Matches!$D$3:$D$502=B44)*(Matches!$N$3:$N$502="Draw")*(Matches!$O$3:$O$502="Completed"))+SUMPRODUCT((Matches!$B$3:$B$502=$B$3)*(Matches!$E$3:$E$502=B44)*(Matches!$N$3:$N$502="Draw")*(Matches!$O$3:$O$502="Completed"))),"—") | F44: =IFERROR(IF(B44="","",IF(ISNUMBER(C44),C44-D44-E44,"—")),"—") | G44: =IFERROR(IF(B44="","",IF(ISNUMBER(D44),D44*Setup!$B$8+E44*Setup!$B$9+F44*Setup!$B$10,"—")),"—") | H44: =IFERROR(IF(B44="","",SUMPRODUCT((Matches!$B$3:$B$502=$B$3)*(Matches!$D$3:$D$502=B44)*(Matches!$O$3:$O$502="Completed")*IF(ISNUMBER(Matches!$L$3:$L$502),Matches!$L$3:$L$502,0))+SUMPRODUCT((Matches!$B$3:$B$502=$B$3)*(Matches!$E$3:$E$502=B44)*(Matches!$O$3:$O$502="Completed")*IF(ISNUMBER(Matches!$M$3:$M$502),Matches!$M$3:$M$502,0))),"—") | I44: =IFERROR(IF(B44="","",SUMPRODUCT((Matches!$B$3:$B$502=$B$3)*(Matches!$D$3:$D$502=B44)*(Matches!$O$3:$O$502="Completed")*IF(ISNUMBER(Matches!$M$3:$M$502),Matches!$M$3:$M$502,0))+SUMPRODUCT((Matches!$B$3:$B$502=$B$3)*(Matches!$E$3:$E$502=B44)*(Matches!$O$3:$O$502="Completed")*IF(ISNUMBER(Matches!$L$3:$L$502),Matches!$L$3:$L$502,0))),"—") | J44: =IFERROR(IF(B44="","",IF(ISNUMBER(H44),H44-I44,"—")),"—")
B45: =IFERROR(INDEX(Teams!$B$3:$B$52,SMALL(IF(Teams!$A$3:$A$52="B",ROW(Teams!$A$3:$A$52)-ROW(Teams!$A$3)+1),14)),"") | C45: =IFERROR(IF(B45="","",SUMPRODUCT((Matches!$B$3:$B$502=$B$3)*(Matches!$D$3:$D$502=B45)*(Matches!$O$3:$O$502="Completed"))+SUMPRODUCT((Matches!$B$3:$B$502=$B$3)*(Matches!$E$3:$E$502=B45)*(Matches!$O$3:$O$502="Completed"))),"—") | D45: =IFERROR(IF(B45="","",SUMPRODUCT((Matches!$B$3:$B$502=$B$3)*(Matches!$D$3:$D$502=B45)*(Matches!$N$3:$N$502=B45)*(Matches!$O$3:$O$502="Completed"))+SUMPRODUCT((Matches!$B$3:$B$502=$B$3)*(Matches!$E$3:$E$502=B45)*(Matches!$N$3:$N$502=B45)*(Matches!$O$3:$O$502="Completed"))),"—") | E45: =IFERROR(IF(B45="","",SUMPRODUCT((Matches!$B$3:$B$502=$B$3)*(Matches!$D$3:$D$502=B45)*(Matches!$N$3:$N$502="Draw")*(Matches!$O$3:$O$502="Completed"))+SUMPRODUCT((Matches!$B$3:$B$502=$B$3)*(Matches!$E$3:$E$502=B45)*(Matches!$N$3:$N$502="Draw")*(Matches!$O$3:$O$502="Completed"))),"—") | F45: =IFERROR(IF(B45="","",IF(ISNUMBER(C45),C45-D45-E45,"—")),"—") | G45: =IFERROR(IF(B45="","",IF(ISNUMBER(D45),D45*Setup!$B$8+E45*Setup!$B$9+F45*Setup!$B$10,"—")),"—") | H45: =IFERROR(IF(B45="","",SUMPRODUCT((Matches!$B$3:$B$502=$B$3)*(Matches!$D$3:$D$502=B45)*(Matches!$O$3:$O$502="Completed")*IF(ISNUMBER(Matches!$L$3:$L$502),Matches!$L$3:$L$502,0))+SUMPRODUCT((Matches!$B$3:$B$502=$B$3)*(Matches!$E$3:$E$502=B45)*(Matches!$O$3:$O$502="Completed")*IF(ISNUMBER(Matches!$M$3:$M$502),Matches!$M$3:$M$502,0))),"—") | I45: =IFERROR(IF(B45="","",SUMPRODUCT((Matches!$B$3:$B$502=$B$3)*(Matches!$D$3:$D$502=B45)*(Matches!$O$3:$O$502="Completed")*IF(ISNUMBER(Matches!$M$3:$M$502),Matches!$M$3:$M$502,0))+SUMPRODUCT((Matches!$B$3:$B$502=$B$3)*(Matches!$E$3:$E$502=B45)*(Matches!$O$3:$O$502="Completed")*IF(ISNUMBER(Matches!$L$3:$L$502),Matches!$L$3:$L$502,0))),"—") | J45: =IFERROR(IF(B45="","",IF(ISNUMBER(H45),H45-I45,"—")),"—")
B46: =IFERROR(INDEX(Teams!$B$3:$B$52,SMALL(IF(Teams!$A$3:$A$52="B",ROW(Teams!$A$3:$A$52)-ROW(Teams!$A$3)+1),15)),"") | C46: =IFERROR(IF(B46="","",SUMPRODUCT((Matches!$B$3:$B$502=$B$3)*(Matches!$D$3:$D$502=B46)*(Matches!$O$3:$O$502="Completed"))+SUMPRODUCT((Matches!$B$3:$B$502=$B$3)*(Matches!$E$3:$E$502=B46)*(Matches!$O$3:$O$502="Completed"))),"—") | D46: =IFERROR(IF(B46="","",SUMPRODUCT((Matches!$B$3:$B$502=$B$3)*(Matches!$D$3:$D$502=B46)*(Matches!$N$3:$N$502=B46)*(Matches!$O$3:$O$502="Completed"))+SUMPRODUCT((Matches!$B$3:$B$502=$B$3)*(Matches!$E$3:$E$502=B46)*(Matches!$N$3:$N$502=B46)*(Matches!$O$3:$O$502="Completed"))),"—") | E46: =IFERROR(IF(B46="","",SUMPRODUCT((Matches!$B$3:$B$502=$B$3)*(Matches!$D$3:$D$502=B46)*(Matches!$N$3:$N$502="Draw")*(Matches!$O$3:$O$502="Completed"))+SUMPRODUCT((Matches!$B$3:$B$502=$B$3)*(Matches!$E$3:$E$502=B46)*(Matches!$N$3:$N$502="Draw")*(Matches!$O$3:$O$502="Completed"))),"—") | F46: =IFERROR(IF(B46="","",IF(ISNUMBER(C46),C46-D46-E46,"—")),"—") | G46: =IFERROR(IF(B46="","",IF(ISNUMBER(D46),D46*Setup!$B$8+E46*Setup!$B$9+F46*Setup!$B$10,"—")),"—") | H46: =IFERROR(IF(B46="","",SUMPRODUCT((Matches!$B$3:$B$502=$B$3)*(Matches!$D$3:$D$502=B46)*(Matches!$O$3:$O$502="Completed")*IF(ISNUMBER(Matches!$L$3:$L$502),Matches!$L$3:$L$502,0))+SUMPRODUCT((Matches!$B$3:$B$502=$B$3)*(Matches!$E$3:$E$502=B46)*(Matches!$O$3:$O$502="Completed")*IF(ISNUMBER(Matches!$M$3:$M$502),Matches!$M$3:$M$502,0))),"—") | I46: =IFERROR(IF(B46="","",SUMPRODUCT((Matches!$B$3:$B$502=$B$3)*(Matches!$D$3:$D$502=B46)*(Matches!$O$3:$O$502="Completed")*IF(ISNUMBER(Matches!$M$3:$M$502),Matches!$M$3:$M$502,0))+SUMPRODUCT((Matches!$B$3:$B$502=$B$3)*(Matches!$E$3:$E$502=B46)*(Matches!$O$3:$O$502="Completed")*IF(ISNUMBER(Matches!$L$3:$L$502),Matches!$L$3:$L$502,0))),"—") | J46: =IFERROR(IF(B46="","",IF(ISNUMBER(H46),H46-I46,"—")),"—")
B47: =IFERROR(INDEX(Teams!$B$3:$B$52,SMALL(IF(Teams!$A$3:$A$52="B",ROW(Teams!$A$3:$A$52)-ROW(Teams!$A$3)+1),16)),"") | C47: =IFERROR(IF(B47="","",SUMPRODUCT((Matches!$B$3:$B$502=$B$3)*(Matches!$D$3:$D$502=B47)*(Matches!$O$3:$O$502="Completed"))+SUMPRODUCT((Matches!$B$3:$B$502=$B$3)*(Matches!$E$3:$E$502=B47)*(Matches!$O$3:$O$502="Completed"))),"—") | D47: =IFERROR(IF(B47="","",SUMPRODUCT((Matches!$B$3:$B$502=$B$3)*(Matches!$D$3:$D$502=B47)*(Matches!$N$3:$N$502=B47)*(Matches!$O$3:$O$502="Completed"))+SUMPRODUCT((Matches!$B$3:$B$502=$B$3)*(Matches!$E$3:$E$502=B47)*(Matches!$N$3:$N$502=B47)*(Matches!$O$3:$O$502="Completed"))),"—") | E47: =IFERROR(IF(B47="","",SUMPRODUCT((Matches!$B$3:$B$502=$B$3)*(Matches!$D$3:$D$502=B47)*(Matches!$N$3:$N$502="Draw")*(Matches!$O$3:$O$502="Completed"))+SUMPRODUCT((Matches!$B$3:$B$502=$B$3)*(Matches!$E$3:$E$502=B47)*(Matches!$N$3:$N$502="Draw")*(Matches!$O$3:$O$502="Completed"))),"—") | F47: =IFERROR(IF(B47="","",IF(ISNUMBER(C47),C47-D47-E47,"—")),"—") | G47: =IFERROR(IF(B47="","",IF(ISNUMBER(D47),D47*Setup!$B$8+E47*Setup!$B$9+F47*Setup!$B$10,"—")),"—") | H47: =IFERROR(IF(B47="","",SUMPRODUCT((Matches!$B$3:$B$502=$B$3)*(Matches!$D$3:$D$502=B47)*(Matches!$O$3:$O$502="Completed")*IF(ISNUMBER(Matches!$L$3:$L$502),Matches!$L$3:$L$502,0))+SUMPRODUCT((Matches!$B$3:$B$502=$B$3)*(Matches!$E$3:$E$502=B47)*(Matches!$O$3:$O$502="Completed")*IF(ISNUMBER(Matches!$M$3:$M$502),Matches!$M$3:$M$502,0))),"—") | I47: =IFERROR(IF(B47="","",SUMPRODUCT((Matches!$B$3:$B$502=$B$3)*(Matches!$D$3:$D$502=B47)*(Matches!$O$3:$O$502="Completed")*IF(ISNUMBER(Matches!$M$3:$M$502),Matches!$M$3:$M$502,0))+SUMPRODUCT((Matches!$B$3:$B$502=$B$3)*(Matches!$E$3:$E$502=B47)*(Matches!$O$3:$O$502="Completed")*IF(ISNUMBER(Matches!$L$3:$L$502),Matches!$L$3:$L$502,0))),"—") | J47: =IFERROR(IF(B47="","",IF(ISNUMBER(H47),H47-I47,"—")),"—")
B48: =IFERROR(INDEX(Teams!$B$3:$B$52,SMALL(IF(Teams!$A$3:$A$52="B",ROW(Teams!$A$3:$A$52)-ROW(Teams!$A$3)+1),17)),"") | C48: =IFERROR(IF(B48="","",SUMPRODUCT((Matches!$B$3:$B$502=$B$3)*(Matches!$D$3:$D$502=B48)*(Matches!$O$3:$O$502="Completed"))+SUMPRODUCT((Matches!$B$3:$B$502=$B$3)*(Matches!$E$3:$E$502=B48)*(Matches!$O$3:$O$502="Completed"))),"—") | D48: =IFERROR(IF(B48="","",SUMPRODUCT((Matches!$B$3:$B$502=$B$3)*(Matches!$D$3:$D$502=B48)*(Matches!$N$3:$N$502=B48)*(Matches!$O$3:$O$502="Completed"))+SUMPRODUCT((Matches!$B$3:$B$502=$B$3)*(Matches!$E$3:$E$502=B48)*(Matches!$N$3:$N$502=B48)*(Matches!$O$3:$O$502="Completed"))),"—") | E48: =IFERROR(IF(B48="","",SUMPRODUCT((Matches!$B$3:$B$502=$B$3)*(Matches!$D$3:$D$502=B48)*(Matches!$N$3:$N$502="Draw")*(Matches!$O$3:$O$502="Completed"))+SUMPRODUCT((Matches!$B$3:$B$502=$B$3)*(Matches!$E$3:$E$502=B48)*(Matches!$N$3:$N$502="Draw")*(Matches!$O$3:$O$502="Completed"))),"—") | F48: =IFERROR(IF(B48="","",IF(ISNUMBER(C48),C48-D48-E48,"—")),"—") | G48: =IFERROR(IF(B48="","",IF(ISNUMBER(D48),D48*Setup!$B$8+E48*Setup!$B$9+F48*Setup!$B$10,"—")),"—") | H48: =IFERROR(IF(B48="","",SUMPRODUCT((Matches!$B$3:$B$502=$B$3)*(Matches!$D$3:$D$502=B48)*(Matches!$O$3:$O$502="Completed")*IF(ISNUMBER(Matches!$L$3:$L$502),Matches!$L$3:$L$502,0))+SUMPRODUCT((Matches!$B$3:$B$502=$B$3)*(Matches!$E$3:$E$502=B48)*(Matches!$O$3:$O$502="Completed")*IF(ISNUMBER(Matches!$M$3:$M$502),Matches!$M$3:$M$502,0))),"—") | I48: =IFERROR(IF(B48="","",SUMPRODUCT((Matches!$B$3:$B$502=$B$3)*(Matches!$D$3:$D$502=B48)*(Matches!$O$3:$O$502="Completed")*IF(ISNUMBER(Matches!$M$3:$M$502),Matches!$M$3:$M$502,0))+SUMPRODUCT((Matches!$B$3:$B$502=$B$3)*(Matches!$E$3:$E$502=B48)*(Matches!$O$3:$O$502="Completed")*IF(ISNUMBER(Matches!$L$3:$L$502),Matches!$L$3:$L$502,0))),"—") | J48: =IFERROR(IF(B48="","",IF(ISNUMBER(H48),H48-I48,"—")),"—")
B49: =IFERROR(INDEX(Teams!$B$3:$B$52,SMALL(IF(Teams!$A$3:$A$52="B",ROW(Teams!$A$3:$A$52)-ROW(Teams!$A$3)+1),18)),"") | C49: =IFERROR(IF(B49="","",SUMPRODUCT((Matches!$B$3:$B$502=$B$3)*(Matches!$D$3:$D$502=B49)*(Matches!$O$3:$O$502="Completed"))+SUMPRODUCT((Matches!$B$3:$B$502=$B$3)*(Matches!$E$3:$E$502=B49)*(Matches!$O$3:$O$502="Completed"))),"—") | D49: =IFERROR(IF(B49="","",SUMPRODUCT((Matches!$B$3:$B$502=$B$3)*(Matches!$D$3:$D$502=B49)*(Matches!$N$3:$N$502=B49)*(Matches!$O$3:$O$502="Completed"))+SUMPRODUCT((Matches!$B$3:$B$502=$B$3)*(Matches!$E$3:$E$502=B49)*(Matches!$N$3:$N$502=B49)*(Matches!$O$3:$O$502="Completed"))),"—") | E49: =IFERROR(IF(B49="","",SUMPRODUCT((Matches!$B$3:$B$502=$B$3)*(Matches!$D$3:$D$502=B49)*(Matches!$N$3:$N$502="Draw")*(Matches!$O$3:$O$502="Completed"))+SUMPRODUCT((Matches!$B$3:$B$502=$B$3)*(Matches!$E$3:$E$502=B49)*(Matches!$N$3:$N$502="Draw")*(Matches!$O$3:$O$502="Completed"))),"—") | F49: =IFERROR(IF(B49="","",IF(ISNUMBER(C49),C49-D49-E49,"—")),"—") | G49: =IFERROR(IF(B49="","",IF(ISNUMBER(D49),D49*Setup!$B$8+E49*Setup!$B$9+F49*Setup!$B$10,"—")),"—") | H49: =IFERROR(IF(B49="","",SUMPRODUCT((Matches!$B$3:$B$502=$B$3)*(Matches!$D$3:$D$502=B49)*(Matches!$O$3:$O$502="Completed")*IF(ISNUMBER(Matches!$L$3:$L$502),Matches!$L$3:$L$502,0))+SUMPRODUCT((Matches!$B$3:$B$502=$B$3)*(Matches!$E$3:$E$502=B49)*(Matches!$O$3:$O$502="Completed")*IF(ISNUMBER(Matches!$M$3:$M$502),Matches!$M$3:$M$502,0))),"—") | I49: =IFERROR(IF(B49="","",SUMPRODUCT((Matches!$B$3:$B$502=$B$3)*(Matches!$D$3:$D$502=B49)*(Matches!$O$3:$O$502="Completed")*IF(ISNUMBER(Matches!$M$3:$M$502),Matches!$M$3:$M$502,0))+SUMPRODUCT((Matches!$B$3:$B$502=$B$3)*(Matches!$E$3:$E$502=B49)*(Matches!$O$3:$O$502="Completed")*IF(ISNUMBER(Matches!$L$3:$L$502),Matches!$L$3:$L$502,0))),"—") | J49: =IFERROR(IF(B49="","",IF(ISNUMBER(H49),H49-I49,"—")),"—")
B50: =IFERROR(INDEX(Teams!$B$3:$B$52,SMALL(IF(Teams!$A$3:$A$52="B",ROW(Teams!$A$3:$A$52)-ROW(Teams!$A$3)+1),19)),"") | C50: =IFERROR(IF(B50="","",SUMPRODUCT((Matches!$B$3:$B$502=$B$3)*(Matches!$D$3:$D$502=B50)*(Matches!$O$3:$O$502="Completed"))+SUMPRODUCT((Matches!$B$3:$B$502=$B$3)*(Matches!$E$3:$E$502=B50)*(Matches!$O$3:$O$502="Completed"))),"—") | D50: =IFERROR(IF(B50="","",SUMPRODUCT((Matches!$B$3:$B$502=$B$3)*(Matches!$D$3:$D$502=B50)*(Matches!$N$3:$N$502=B50)*(Matches!$O$3:$O$502="Completed"))+SUMPRODUCT((Matches!$B$3:$B$502=$B$3)*(Matches!$E$3:$E$502=B50)*(Matches!$N$3:$N$502=B50)*(Matches!$O$3:$O$502="Completed"))),"—") | E50: =IFERROR(IF(B50="","",SUMPRODUCT((Matches!$B$3:$B$502=$B$3)*(Matches!$D$3:$D$502=B50)*(Matches!$N$3:$N$502="Draw")*(Matches!$O$3:$O$502="Completed"))+SUMPRODUCT((Matches!$B$3:$B$502=$B$3)*(Matches!$E$3:$E$502=B50)*(Matches!$N$3:$N$502="Draw")*(Matches!$O$3:$O$502="Completed"))),"—") | F50: =IFERROR(IF(B50="","",IF(ISNUMBER(C50),C50-D50-E50,"—")),"—") | G50: =IFERROR(IF(B50="","",IF(ISNUMBER(D50),D50*Setup!$B$8+E50*Setup!$B$9+F50*Setup!$B$10,"—")),"—") | H50: =IFERROR(IF(B50="","",SUMPRODUCT((Matches!$B$3:$B$502=$B$3)*(Matches!$D$3:$D$502=B50)*(Matches!$O$3:$O$502="Completed")*IF(ISNUMBER(Matches!$L$3:$L$502),Matches!$L$3:$L$502,0))+SUMPRODUCT((Matches!$B$3:$B$502=$B$3)*(Matches!$E$3:$E$502=B50)*(Matches!$O$3:$O$502="Completed")*IF(ISNUMBER(Matches!$M$3:$M$502),Matches!$M$3:$M$502,0))),"—") | I50: =IFERROR(IF(B50="","",SUMPRODUCT((Matches!$B$3:$B$502=$B$3)*(Matches!$D$3:$D$502=B50)*(Matches!$O$3:$O$502="Completed")*IF(ISNUMBER(Matches!$M$3:$M$502),Matches!$M$3:$M$502,0))+SUMPRODUCT((Matches!$B$3:$B$502=$B$3)*(Matches!$E$3:$E$502=B50)*(Matches!$O$3:$O$502="Completed")*IF(ISNUMBER(Matches!$L$3:$L$502),Matches!$L$3:$L$502,0))),"—") | J50: =IFERROR(IF(B50="","",IF(ISNUMBER(H50),H50-I50,"—")),"—")
B51: =IFERROR(INDEX(Teams!$B$3:$B$52,SMALL(IF(Teams!$A$3:$A$52="B",ROW(Teams!$A$3:$A$52)-ROW(Teams!$A$3)+1),20)),"") | C51: =IFERROR(IF(B51="","",SUMPRODUCT((Matches!$B$3:$B$502=$B$3)*(Matches!$D$3:$D$502=B51)*(Matches!$O$3:$O$502="Completed"))+SUMPRODUCT((Matches!$B$3:$B$502=$B$3)*(Matches!$E$3:$E$502=B51)*(Matches!$O$3:$O$502="Completed"))),"—") | D51: =IFERROR(IF(B51="","",SUMPRODUCT((Matches!$B$3:$B$502=$B$3)*(Matches!$D$3:$D$502=B51)*(Matches!$N$3:$N$502=B51)*(Matches!$O$3:$O$502="Completed"))+SUMPRODUCT((Matches!$B$3:$B$502=$B$3)*(Matches!$E$3:$E$502=B51)*(Matches!$N$3:$N$502=B51)*(Matches!$O$3:$O$502="Completed"))),"—") | E51: =IFERROR(IF(B51="","",SUMPRODUCT((Matches!$B$3:$B$502=$B$3)*(Matches!$D$3:$D$502=B51)*(Matches!$N$3:$N$502="Draw")*(Matches!$O$3:$O$502="Completed"))+SUMPRODUCT((Matches!$B$3:$B$502=$B$3)*(Matches!$E$3:$E$502=B51)*(Matches!$N$3:$N$502="Draw")*(Matches!$O$3:$O$502="Completed"))),"—") | F51: =IFERROR(IF(B51="","",IF(ISNUMBER(C51),C51-D51-E51,"—")),"—") | G51: =IFERROR(IF(B51="","",IF(ISNUMBER(D51),D51*Setup!$B$8+E51*Setup!$B$9+F51*Setup!$B$10,"—")),"—") | H51: =IFERROR(IF(B51="","",SUMPRODUCT((Matches!$B$3:$B$502=$B$3)*(Matches!$D$3:$D$502=B51)*(Matches!$O$3:$O$502="Completed")*IF(ISNUMBER(Matches!$L$3:$L$502),Matches!$L$3:$L$502,0))+SUMPRODUCT((Matches!$B$3:$B$502=$B$3)*(Matches!$E$3:$E$502=B51)*(Matches!$O$3:$O$502="Completed")*IF(ISNUMBER(Matches!$M$3:$M$502),Matches!$M$3:$M$502,0))),"—") | I51: =IFERROR(IF(B51="","",SUMPRODUCT((Matches!$B$3:$B$502=$B$3)*(Matches!$D$3:$D$502=B51)*(Matches!$O$3:$O$502="Completed")*IF(ISNUMBER(Matches!$M$3:$M$502),Matches!$M$3:$M$502,0))+SUMPRODUCT((Matches!$B$3:$B$502=$B$3)*(Matches!$E$3:$E$502=B51)*(Matches!$O$3:$O$502="Completed")*IF(ISNUMBER(Matches!$L$3:$L$502),Matches!$L$3:$L$502,0))),"—") | J51: =IFERROR(IF(B51="","",IF(ISNUMBER(H51),H51-I51,"—")),"—")
A55: DIVISION C
A56: Pos | B56: Team | C56: Played | D56: Won | E56: Drawn | F56: Lost | G56: Points | H56: GF | I56: GA | J56: Diff
B57: =IFERROR(INDEX(Teams!$B$3:$B$52,SMALL(IF(Teams!$A$3:$A$52="C",ROW(Teams!$A$3:$A$52)-ROW(Teams!$A$3)+1),1)),"") | C57: =IFERROR(IF(B57="","",SUMPRODUCT((Matches!$B$3:$B$502=$B$3)*(Matches!$D$3:$D$502=B57)*(Matches!$O$3:$O$502="Completed"))+SUMPRODUCT((Matches!$B$3:$B$502=$B$3)*(Matches!$E$3:$E$502=B57)*(Matches!$O$3:$O$502="Completed"))),"—") | D57: =IFERROR(IF(B57="","",SUMPRODUCT((Matches!$B$3:$B$502=$B$3)*(Matches!$D$3:$D$502=B57)*(Matches!$N$3:$N$502=B57)*(Matches!$O$3:$O$502="Completed"))+SUMPRODUCT((Matches!$B$3:$B$502=$B$3)*(Matches!$E$3:$E$502=B57)*(Matches!$N$3:$N$502=B57)*(Matches!$O$3:$O$502="Completed"))),"—") | E57: =IFERROR(IF(B57="","",SUMPRODUCT((Matches!$B$3:$B$502=$B$3)*(Matches!$D$3:$D$502=B57)*(Matches!$N$3:$N$502="Draw")*(Matches!$O$3:$O$502="Completed"))+SUMPRODUCT((Matches!$B$3:$B$502=$B$3)*(Matches!$E$3:$E$502=B57)*(Matches!$N$3:$N$502="Draw")*(Matches!$O$3:$O$502="Completed"))),"—") | F57: =IFERROR(IF(B57="","",IF(ISNUMBER(C57),C57-D57-E57,"—")),"—") | G57: =IFERROR(IF(B57="","",IF(ISNUMBER(D57),D57*Setup!$B$8+E57*Setup!$B$9+F57*Setup!$B$10,"—")),"—") | H57: =IFERROR(IF(B57="","",SUMPRODUCT((Matches!$B$3:$B$502=$B$3)*(Matches!$D$3:$D$502=B57)*(Matches!$O$3:$O$502="Completed")*IF(ISNUMBER(Matches!$L$3:$L$502),Matches!$L$3:$L$502,0))+SUMPRODUCT((Matches!$B$3:$B$502=$B$3)*(Matches!$E$3:$E$502=B57)*(Matches!$O$3:$O$502="Completed")*IF(ISNUMBER(Matches!$M$3:$M$502),Matches!$M$3:$M$502,0))),"—") | I57: =IFERROR(IF(B57="","",SUMPRODUCT((Matches!$B$3:$B$502=$B$3)*(Matches!$D$3:$D$502=B57)*(Matches!$O$3:$O$502="Completed")*IF(ISNUMBER(Matches!$M$3:$M$502),Matches!$M$3:$M$502,0))+SUMPRODUCT((Matches!$B$3:$B$502=$B$3)*(Matches!$E$3:$E$502=B57)*(Matches!$O$3:$O$502="Completed")*IF(ISNUMBER(Matches!$L$3:$L$502),Matches!$L$3:$L$502,0))),"—") | J57: =IFERROR(IF(B57="","",IF(ISNUMBER(H57),H57-I57,"—")),"—")
B58: =IFERROR(INDEX(Teams!$B$3:$B$52,SMALL(IF(Teams!$A$3:$A$52="C",ROW(Teams!$A$3:$A$52)-ROW(Teams!$A$3)+1),2)),"") | C58: =IFERROR(IF(B58="","",SUMPRODUCT((Matches!$B$3:$B$502=$B$3)*(Matches!$D$3:$D$502=B58)*(Matches!$O$3:$O$502="Completed"))+SUMPRODUCT((Matches!$B$3:$B$502=$B$3)*(Matches!$E$3:$E$502=B58)*(Matches!$O$3:$O$502="Completed"))),"—") | D58: =IFERROR(IF(B58="","",SUMPRODUCT((Matches!$B$3:$B$502=$B$3)*(Matches!$D$3:$D$502=B58)*(Matches!$N$3:$N$502=B58)*(Matches!$O$3:$O$502="Completed"))+SUMPRODUCT((Matches!$B$3:$B$502=$B$3)*(Matches!$E$3:$E$502=B58)*(Matches!$N$3:$N$502=B58)*(Matches!$O$3:$O$502="Completed"))),"—") | E58: =IFERROR(IF(B58="","",SUMPRODUCT((Matches!$B$3:$B$502=$B$3)*(Matches!$D$3:$D$502=B58)*(Matches!$N$3:$N$502="Draw")*(Matches!$O$3:$O$502="Completed"))+SUMPRODUCT((Matches!$B$3:$B$502=$B$3)*(Matches!$E$3:$E$502=B58)*(Matches!$N$3:$N$502="Draw")*(Matches!$O$3:$O$502="Completed"))),"—") | F58: =IFERROR(IF(B58="","",IF(ISNUMBER(C58),C58-D58-E58,"—")),"—") | G58: =IFERROR(IF(B58="","",IF(ISNUMBER(D58),D58*Setup!$B$8+E58*Setup!$B$9+F58*Setup!$B$10,"—")),"—") | H58: =IFERROR(IF(B58="","",SUMPRODUCT((Matches!$B$3:$B$502=$B$3)*(Matches!$D$3:$D$502=B58)*(Matches!$O$3:$O$502="Completed")*IF(ISNUMBER(Matches!$L$3:$L$502),Matches!$L$3:$L$502,0))+SUMPRODUCT((Matches!$B$3:$B$502=$B$3)*(Matches!$E$3:$E$502=B58)*(Matches!$O$3:$O$502="Completed")*IF(ISNUMBER(Matches!$M$3:$M$502),Matches!$M$3:$M$502,0))),"—") | I58: =IFERROR(IF(B58="","",SUMPRODUCT((Matches!$B$3:$B$502=$B$3)*(Matches!$D$3:$D$502=B58)*(Matches!$O$3:$O$502="Completed")*IF(ISNUMBER(Matches!$M$3:$M$502),Matches!$M$3:$M$502,0))+SUMPRODUCT((Matches!$B$3:$B$502=$B$3)*(Matches!$E$3:$E$502=B58)*(Matches!$O$3:$O$502="Completed")*IF(ISNUMBER(Matches!$L$3:$L$502),Matches!$L$3:$L$502,0))),"—") | J58: =IFERROR(IF(B58="","",IF(ISNUMBER(H58),H58-I58,"—")),"—")
B59: =IFERROR(INDEX(Teams!$B$3:$B$52,SMALL(IF(Teams!$A$3:$A$52="C",ROW(Teams!$A$3:$A$52)-ROW(Teams!$A$3)+1),3)),"") | C59: =IFERROR(IF(B59="","",SUMPRODUCT((Matches!$B$3:$B$502=$B$3)*(Matches!$D$3:$D$502=B59)*(Matches!$O$3:$O$502="Completed"))+SUMPRODUCT((Matches!$B$3:$B$502=$B$3)*(Matches!$E$3:$E$502=B59)*(Matches!$O$3:$O$502="Completed"))),"—") | D59: =IFERROR(IF(B59="","",SUMPRODUCT((Matches!$B$3:$B$502=$B$3)*(Matches!$D$3:$D$502=B59)*(Matches!$N$3:$N$502=B59)*(Matches!$O$3:$O$502="Completed"))+SUMPRODUCT((Matches!$B$3:$B$502=$B$3)*(Matches!$E$3:$E$502=B59)*(Matches!$N$3:$N$502=B59)*(Matches!$O$3:$O$502="Completed"))),"—") | E59: =IFERROR(IF(B59="","",SUMPRODUCT((Matches!$B$3:$B$502=$B$3)*(Matches!$D$3:$D$502=B59)*(Matches!$N$3:$N$502="Draw")*(Matches!$O$3:$O$502="Completed"))+SUMPRODUCT((Matches!$B$3:$B$502=$B$3)*(Matches!$E$3:$E$502=B59)*(Matches!$N$3:$N$502="Draw")*(Matches!$O$3:$O$502="Completed"))),"—") | F59: =IFERROR(IF(B59="","",IF(ISNUMBER(C59),C59-D59-E59,"—")),"—") | G59: =IFERROR(IF(B59="","",IF(ISNUMBER(D59),D59*Setup!$B$8+E59*Setup!$B$9+F59*Setup!$B$10,"—")),"—") | H59: =IFERROR(IF(B59="","",SUMPRODUCT((Matches!$B$3:$B$502=$B$3)*(Matches!$D$3:$D$502=B59)*(Matches!$O$3:$O$502="Completed")*IF(ISNUMBER(Matches!$L$3:$L$502),Matches!$L$3:$L$502,0))+SUMPRODUCT((Matches!$B$3:$B$502=$B$3)*(Matches!$E$3:$E$502=B59)*(Matches!$O$3:$O$502="Completed")*IF(ISNUMBER(Matches!$M$3:$M$502),Matches!$M$3:$M$502,0))),"—") | I59: =IFERROR(IF(B59="","",SUMPRODUCT((Matches!$B$3:$B$502=$B$3)*(Matches!$D$3:$D$502=B59)*(Matches!$O$3:$O$502="Completed")*IF(ISNUMBER(Matches!$M$3:$M$502),Matches!$M$3:$M$502,0))+SUMPRODUCT((Matches!$B$3:$B$502=$B$3)*(Matches!$E$3:$E$502=B59)*(Matches!$O$3:$O$502="Completed")*IF(ISNUMBER(Matches!$L$3:$L$502),Matches!$L$3:$L$502,0))),"—") | J59: =IFERROR(IF(B59="","",IF(ISNUMBER(H59),H59-I59,"—")),"—")
B60: =IFERROR(INDEX(Teams!$B$3:$B$52,SMALL(IF(Teams!$A$3:$A$52="C",ROW(Teams!$A$3:$A$52)-ROW(Teams!$A$3)+1),4)),"") | C60: =IFERROR(IF(B60="","",SUMPRODUCT((Matches!$B$3:$B$502=$B$3)*(Matches!$D$3:$D$502=B60)*(Matches!$O$3:$O$502="Completed"))+SUMPRODUCT((Matches!$B$3:$B$502=$B$3)*(Matches!$E$3:$E$502=B60)*(Matches!$O$3:$O$502="Completed"))),"—") | D60: =IFERROR(IF(B60="","",SUMPRODUCT((Matches!$B$3:$B$502=$B$3)*(Matches!$D$3:$D$502=B60)*(Matches!$N$3:$N$502=B60)*(Matches!$O$3:$O$502="Completed"))+SUMPRODUCT((Matches!$B$3:$B$502=$B$3)*(Matches!$E$3:$E$502=B60)*(Matches!$N$3:$N$502=B60)*(Matches!$O$3:$O$502="Completed"))),"—") | E60: =IFERROR(IF(B60="","",SUMPRODUCT((Matches!$B$3:$B$502=$B$3)*(Matches!$D$3:$D$502=B60)*(Matches!$N$3:$N$502="Draw")*(Matches!$O$3:$O$502="Completed"))+SUMPRODUCT((Matches!$B$3:$B$502=$B$3)*(Matches!$E$3:$E$502=B60)*(Matches!$N$3:$N$502="Draw")*(Matches!$O$3:$O$502="Completed"))),"—") | F60: =IFERROR(IF(B60="","",IF(ISNUMBER(C60),C60-D60-E60,"—")),"—") | G60: =IFERROR(IF(B60="","",IF(ISNUMBER(D60),D60*Setup!$B$8+E60*Setup!$B$9+F60*Setup!$B$10,"—")),"—") | H60: =IFERROR(IF(B60="","",SUMPRODUCT((Matches!$B$3:$B$502=$B$3)*(Matches!$D$3:$D$502=B60)*(Matches!$O$3:$O$502="Completed")*IF(ISNUMBER(Matches!$L$3:$L$502),Matches!$L$3:$L$502,0))+SUMPRODUCT((Matches!$B$3:$B$502=$B$3)*(Matches!$E$3:$E$502=B60)*(Matches!$O$3:$O$502="Completed")*IF(ISNUMBER(Matches!$M$3:$M$502),Matches!$M$3:$M$502,0))),"—") | I60: =IFERROR(IF(B60="","",SUMPRODUCT((Matches!$B$3:$B$502=$B$3)*(Matches!$D$3:$D$502=B60)*(Matches!$O$3:$O$502="Completed")*IF(ISNUMBER(Matches!$M$3:$M$502),Matches!$M$3:$M$502,0))+SUMPRODUCT((Matches!$B$3:$B$502=$B$3)*(Matches!$E$3:$E$502=B60)*(Matches!$O$3:$O$502="Completed")*IF(ISNUMBER(Matches!$L$3:$L$502),Matches!$L$3:$L$502,0))),"—") | J60: =IFERROR(IF(B60="","",IF(ISNUMBER(H60),H60-I60,"—")),"—")
B61: =IFERROR(INDEX(Teams!$B$3:$B$52,SMALL(IF(Teams!$A$3:$A$52="C",ROW(Teams!$A$3:$A$52)-ROW(Teams!$A$3)+1),5)),"") | C61: =IFERROR(IF(B61="","",SUMPRODUCT((Matches!$B$3:$B$502=$B$3)*(Matches!$D$3:$D$502=B61)*(Matches!$O$3:$O$502="Completed"))+SUMPRODUCT((Matches!$B$3:$B$502=$B$3)*(Matches!$E$3:$E$502=B61)*(Matches!$O$3:$O$502="Completed"))),"—") | D61: =IFERROR(IF(B61="","",SUMPRODUCT((Matches!$B$3:$B$502=$B$3)*(Matches!$D$3:$D$502=B61)*(Matches!$N$3:$N$502=B61)*(Matches!$O$3:$O$502="Completed"))+SUMPRODUCT((Matches!$B$3:$B$502=$B$3)*(Matches!$E$3:$E$502=B61)*(Matches!$N$3:$N$502=B61)*(Matches!$O$3:$O$502="Completed"))),"—") | E61: =IFERROR(IF(B61="","",SUMPRODUCT((Matches!$B$3:$B$502=$B$3)*(Matches!$D$3:$D$502=B61)*(Matches!$N$3:$N$502="Draw")*(Matches!$O$3:$O$502="Completed"))+SUMPRODUCT((Matches!$B$3:$B$502=$B$3)*(Matches!$E$3:$E$502=B61)*(Matches!$N$3:$N$502="Draw")*(Matches!$O$3:$O$502="Completed"))),"—") | F61: =IFERROR(IF(B61="","",IF(ISNUMBER(C61),C61-D61-E61,"—")),"—") | G61: =IFERROR(IF(B61="","",IF(ISNUMBER(D61),D61*Setup!$B$8+E61*Setup!$B$9+F61*Setup!$B$10,"—")),"—") | H61: =IFERROR(IF(B61="","",SUMPRODUCT((Matches!$B$3:$B$502=$B$3)*(Matches!$D$3:$D$502=B61)*(Matches!$O$3:$O$502="Completed")*IF(ISNUMBER(Matches!$L$3:$L$502),Matches!$L$3:$L$502,0))+SUMPRODUCT((Matches!$B$3:$B$502=$B$3)*(Matches!$E$3:$E$502=B61)*(Matches!$O$3:$O$502="Completed")*IF(ISNUMBER(Matches!$M$3:$M$502),Matches!$M$3:$M$502,0))),"—") | I61: =IFERROR(IF(B61="","",SUMPRODUCT((Matches!$B$3:$B$502=$B$3)*(Matches!$D$3:$D$502=B61)*(Matches!$O$3:$O$502="Completed")*IF(ISNUMBER(Matches!$M$3:$M$502),Matches!$M$3:$M$502,0))+SUMPRODUCT((Matches!$B$3:$B$502=$B$3)*(Matches!$E$3:$E$502=B61)*(Matches!$O$3:$O$502="Completed")*IF(ISNUMBER(Matches!$L$3:$L$502),Matches!$L$3:$L$502,0))),"—") | J61: =IFERROR(IF(B61="","",IF(ISNUMBER(H61),H61-I61,"—")),"—")
B62: =IFERROR(INDEX(Teams!$B$3:$B$52,SMALL(IF(Teams!$A$3:$A$52="C",ROW(Teams!$A$3:$A$52)-ROW(Teams!$A$3)+1),6)),"") | C62: =IFERROR(IF(B62="","",SUMPRODUCT((Matches!$B$3:$B$502=$B$3)*(Matches!$D$3:$D$502=B62)*(Matches!$O$3:$O$502="Completed"))+SUMPRODUCT((Matches!$B$3:$B$502=$B$3)*(Matches!$E$3:$E$502=B62)*(Matches!$O$3:$O$502="Completed"))),"—") | D62: =IFERROR(IF(B62="","",SUMPRODUCT((Matches!$B$3:$B$502=$B$3)*(Matches!$D$3:$D$502=B62)*(Matches!$N$3:$N$502=B62)*(Matches!$O$3:$O$502="Completed"))+SUMPRODUCT((Matches!$B$3:$B$502=$B$3)*(Matches!$E$3:$E$502=B62)*(Matches!$N$3:$N$502=B62)*(Matches!$O$3:$O$502="Completed"))),"—") | E62: =IFERROR(IF(B62="","",SUMPRODUCT((Matches!$B$3:$B$502=$B$3)*(Matches!$D$3:$D$502=B62)*(Matches!$N$3:$N$502="Draw")*(Matches!$O$3:$O$502="Completed"))+SUMPRODUCT((Matches!$B$3:$B$502=$B$3)*(Matches!$E$3:$E$502=B62)*(Matches!$N$3:$N$502="Draw")*(Matches!$O$3:$O$502="Completed"))),"—") | F62: =IFERROR(IF(B62="","",IF(ISNUMBER(C62),C62-D62-E62,"—")),"—") | G62: =IFERROR(IF(B62="","",IF(ISNUMBER(D62),D62*Setup!$B$8+E62*Setup!$B$9+F62*Setup!$B$10,"—")),"—") | H62: =IFERROR(IF(B62="","",SUMPRODUCT((Matches!$B$3:$B$502=$B$3)*(Matches!$D$3:$D$502=B62)*(Matches!$O$3:$O$502="Completed")*IF(ISNUMBER(Matches!$L$3:$L$502),Matches!$L$3:$L$502,0))+SUMPRODUCT((Matches!$B$3:$B$502=$B$3)*(Matches!$E$3:$E$502=B62)*(Matches!$O$3:$O$502="Completed")*IF(ISNUMBER(Matches!$M$3:$M$502),Matches!$M$3:$M$502,0))),"—") | I62: =IFERROR(IF(B62="","",SUMPRODUCT((Matches!$B$3:$B$502=$B$3)*(Matches!$D$3:$D$502=B62)*(Matches!$O$3:$O$502="Completed")*IF(ISNUMBER(Matches!$M$3:$M$502),Matches!$M$3:$M$502,0))+SUMPRODUCT((Matches!$B$3:$B$502=$B$3)*(Matches!$E$3:$E$502=B62)*(Matches!$O$3:$O$502="Completed")*IF(ISNUMBER(Matches!$L$3:$L$502),Matches!$L$3:$L$502,0))),"—") | J62: =IFERROR(IF(B62="","",IF(ISNUMBER(H62),H62-I62,"—")),"—")
B63: =IFERROR(INDEX(Teams!$B$3:$B$52,SMALL(IF(Teams!$A$3:$A$52="C",ROW(Teams!$A$3:$A$52)-ROW(Teams!$A$3)+1),7)),"") | C63: =IFERROR(IF(B63="","",SUMPRODUCT((Matches!$B$3:$B$502=$B$3)*(Matches!$D$3:$D$502=B63)*(Matches!$O$3:$O$502="Completed"))+SUMPRODUCT((Matches!$B$3:$B$502=$B$3)*(Matches!$E$3:$E$502=B63)*(Matches!$O$3:$O$502="Completed"))),"—") | D63: =IFERROR(IF(B63="","",SUMPRODUCT((Matches!$B$3:$B$502=$B$3)*(Matches!$D$3:$D$502=B63)*(Matches!$N$3:$N$502=B63)*(Matches!$O$3:$O$502="Completed"))+SUMPRODUCT((Matches!$B$3:$B$502=$B$3)*(Matches!$E$3:$E$502=B63)*(Matches!$N$3:$N$502=B63)*(Matches!$O$3:$O$502="Completed"))),"—") | E63: =IFERROR(IF(B63="","",SUMPRODUCT((Matches!$B$3:$B$502=$B$3)*(Matches!$D$3:$D$502=B63)*(Matches!$N$3:$N$502="Draw")*(Matches!$O$3:$O$502="Completed"))+SUMPRODUCT((Matches!$B$3:$B$502=$B$3)*(Matches!$E$3:$E$502=B63)*(Matches!$N$3:$N$502="Draw")*(Matches!$O$3:$O$502="Completed"))),"—") | F63: =IFERROR(IF(B63="","",IF(ISNUMBER(C63),C63-D63-E63,"—")),"—") | G63: =IFERROR(IF(B63="","",IF(ISNUMBER(D63),D63*Setup!$B$8+E63*Setup!$B$9+F63*Setup!$B$10,"—")),"—") | H63: =IFERROR(IF(B63="","",SUMPRODUCT((Matches!$B$3:$B$502=$B$3)*(Matches!$D$3:$D$502=B63)*(Matches!$O$3:$O$502="Completed")*IF(ISNUMBER(Matches!$L$3:$L$502),Matches!$L$3:$L$502,0))+SUMPRODUCT((Matches!$B$3:$B$502=$B$3)*(Matches!$E$3:$E$502=B63)*(Matches!$O$3:$O$502="Completed")*IF(ISNUMBER(Matches!$M$3:$M$502),Matches!$M$3:$M$502,0))),"—") | I63: =IFERROR(IF(B63="","",SUMPRODUCT((Matches!$B$3:$B$502=$B$3)*(Matches!$D$3:$D$502=B63)*(Matches!$O$3:$O$502="Completed")*IF(ISNUMBER(Matches!$M$3:$M$502),Matches!$M$3:$M$502,0))+SUMPRODUCT((Matches!$B$3:$B$502=$B$3)*(Matches!$E$3:$E$502=B63)*(Matches!$O$3:$O$502="Completed")*IF(ISNUMBER(Matches!$L$3:$L$502),Matches!$L$3:$L$502,0))),"—") | J63: =IFERROR(IF(B63="","",IF(ISNUMBER(H63),H63-I63,"—")),"—")
B64: =IFERROR(INDEX(Teams!$B$3:$B$52,SMALL(IF(Teams!$A$3:$A$52="C",ROW(Teams!$A$3:$A$52)-ROW(Teams!$A$3)+1),8)),"") | C64: =IFERROR(IF(B64="","",SUMPRODUCT((Matches!$B$3:$B$502=$B$3)*(Matches!$D$3:$D$502=B64)*(Matches!$O$3:$O$502="Completed"))+SUMPRODUCT((Matches!$B$3:$B$502=$B$3)*(Matches!$E$3:$E$502=B64)*(Matches!$O$3:$O$502="Completed"))),"—") | D64: =IFERROR(IF(B64="","",SUMPRODUCT((Matches!$B$3:$B$502=$B$3)*(Matches!$D$3:$D$502=B64)*(Matches!$N$3:$N$502=B64)*(Matches!$O$3:$O$502="Completed"))+SUMPRODUCT((Matches!$B$3:$B$502=$B$3)*(Matches!$E$3:$E$502=B64)*(Matches!$N$3:$N$502=B64)*(Matches!$O$3:$O$502="Completed"))),"—") | E64: =IFERROR(IF(B64="","",SUMPRODUCT((Matches!$B$3:$B$502=$B$3)*(Matches!$D$3:$D$502=B64)*(Matches!$N$3:$N$502="Draw")*(Matches!$O$3:$O$502="Completed"))+SUMPRODUCT((Matches!$B$3:$B$502=$B$3)*(Matches!$E$3:$E$502=B64)*(Matches!$N$3:$N$502="Draw")*(Matches!$O$3:$O$502="Completed"))),"—") | F64: =IFERROR(IF(B64="","",IF(ISNUMBER(C64),C64-D64-E64,"—")),"—") | G64: =IFERROR(IF(B64="","",IF(ISNUMBER(D64),D64*Setup!$B$8+E64*Setup!$B$9+F64*Setup!$B$10,"—")),"—") | H64: =IFERROR(IF(B64="","",SUMPRODUCT((Matches!$B$3:$B$502=$B$3)*(Matches!$D$3:$D$502=B64)*(Matches!$O$3:$O$502="Completed")*IF(ISNUMBER(Matches!$L$3:$L$502),Matches!$L$3:$L$502,0))+SUMPRODUCT((Matches!$B$3:$B$502=$B$3)*(Matches!$E$3:$E$502=B64)*(Matches!$O$3:$O$502="Completed")*IF(ISNUMBER(Matches!$M$3:$M$502),Matches!$M$3:$M$502,0))),"—") | I64: =IFERROR(IF(B64="","",SUMPRODUCT((Matches!$B$3:$B$502=$B$3)*(Matches!$D$3:$D$502=B64)*(Matches!$O$3:$O$502="Completed")*IF(ISNUMBER(Matches!$M$3:$M$502),Matches!$M$3:$M$502,0))+SUMPRODUCT((Matches!$B$3:$B$502=$B$3)*(Matches!$E$3:$E$502=B64)*(Matches!$O$3:$O$502="Completed")*IF(ISNUMBER(Matches!$L$3:$L$502),Matches!$L$3:$L$502,0))),"—") | J64: =IFERROR(IF(B64="","",IF(ISNUMBER(H64),H64-I64,"—")),"—")
B65: =IFERROR(INDEX(Teams!$B$3:$B$52,SMALL(IF(Teams!$A$3:$A$52="C",ROW(Teams!$A$3:$A$52)-ROW(Teams!$A$3)+1),9)),"") | C65: =IFERROR(IF(B65="","",SUMPRODUCT((Matches!$B$3:$B$502=$B$3)*(Matches!$D$3:$D$502=B65)*(Matches!$O$3:$O$502="Completed"))+SUMPRODUCT((Matches!$B$3:$B$502=$B$3)*(Matches!$E$3:$E$502=B65)*(Matches!$O$3:$O$502="Completed"))),"—") | D65: =IFERROR(IF(B65="","",SUMPRODUCT((Matches!$B$3:$B$502=$B$3)*(Matches!$D$3:$D$502=B65)*(Matches!$N$3:$N$502=B65)*(Matches!$O$3:$O$502="Completed"))+SUMPRODUCT((Matches!$B$3:$B$502=$B$3)*(Matches!$E$3:$E$502=B65)*(Matches!$N$3:$N$502=B65)*(Matches!$O$3:$O$502="Completed"))),"—") | E65: =IFERROR(IF(B65="","",SUMPRODUCT((Matches!$B$3:$B$502=$B$3)*(Matches!$D$3:$D$502=B65)*(Matches!$N$3:$N$502="Draw")*(Matches!$O$3:$O$502="Completed"))+SUMPRODUCT((Matches!$B$3:$B$502=$B$3)*(Matches!$E$3:$E$502=B65)*(Matches!$N$3:$N$502="Draw")*(Matches!$O$3:$O$502="Completed"))),"—") | F65: =IFERROR(IF(B65="","",IF(ISNUMBER(C65),C65-D65-E65,"—")),"—") | G65: =IFERROR(IF(B65="","",IF(ISNUMBER(D65),D65*Setup!$B$8+E65*Setup!$B$9+F65*Setup!$B$10,"—")),"—") | H65: =IFERROR(IF(B65="","",SUMPRODUCT((Matches!$B$3:$B$502=$B$3)*(Matches!$D$3:$D$502=B65)*(Matches!$O$3:$O$502="Completed")*IF(ISNUMBER(Matches!$L$3:$L$502),Matches!$L$3:$L$502,0))+SUMPRODUCT((Matches!$B$3:$B$502=$B$3)*(Matches!$E$3:$E$502=B65)*(Matches!$O$3:$O$502="Completed")*IF(ISNUMBER(Matches!$M$3:$M$502),Matches!$M$3:$M$502,0))),"—") | I65: =IFERROR(IF(B65="","",SUMPRODUCT((Matches!$B$3:$B$502=$B$3)*(Matches!$D$3:$D$502=B65)*(Matches!$O$3:$O$502="Completed")*IF(ISNUMBER(Matches!$M$3:$M$502),Matches!$M$3:$M$502,0))+SUMPRODUCT((Matches!$B$3:$B$502=$B$3)*(Matches!$E$3:$E$502=B65)*(Matches!$O$3:$O$502="Completed")*IF(ISNUMBER(Matches!$L$3:$L$502),Matches!$L$3:$L$502,0))),"—") | J65: =IFERROR(IF(B65="","",IF(ISNUMBER(H65),H65-I65,"—")),"—")
B66: =IFERROR(INDEX(Teams!$B$3:$B$52,SMALL(IF(Teams!$A$3:$A$52="C",ROW(Teams!$A$3:$A$52)-ROW(Teams!$A$3)+1),10)),"") | C66: =IFERROR(IF(B66="","",SUMPRODUCT((Matches!$B$3:$B$502=$B$3)*(Matches!$D$3:$D$502=B66)*(Matches!$O$3:$O$502="Completed"))+SUMPRODUCT((Matches!$B$3:$B$502=$B$3)*(Matches!$E$3:$E$502=B66)*(Matches!$O$3:$O$502="Completed"))),"—") | D66: =IFERROR(IF(B66="","",SUMPRODUCT((Matches!$B$3:$B$502=$B$3)*(Matches!$D$3:$D$502=B66)*(Matches!$N$3:$N$502=B66)*(Matches!$O$3:$O$502="Completed"))+SUMPRODUCT((Matches!$B$3:$B$502=$B$3)*(Matches!$E$3:$E$502=B66)*(Matches!$N$3:$N$502=B66)*(Matches!$O$3:$O$502="Completed"))),"—") | E66: =IFERROR(IF(B66="","",SUMPRODUCT((Matches!$B$3:$B$502=$B$3)*(Matches!$D$3:$D$502=B66)*(Matches!$N$3:$N$502="Draw")*(Matches!$O$3:$O$502="Completed"))+SUMPRODUCT((Matches!$B$3:$B$502=$B$3)*(Matches!$E$3:$E$502=B66)*(Matches!$N$3:$N$502="Draw")*(Matches!$O$3:$O$502="Completed"))),"—") | F66: =IFERROR(IF(B66="","",IF(ISNUMBER(C66),C66-D66-E66,"—")),"—") | G66: =IFERROR(IF(B66="","",IF(ISNUMBER(D66),D66*Setup!$B$8+E66*Setup!$B$9+F66*Setup!$B$10,"—")),"—") | H66: =IFERROR(IF(B66="","",SUMPRODUCT((Matches!$B$3:$B$502=$B$3)*(Matches!$D$3:$D$502=B66)*(Matches!$O$3:$O$502="Completed")*IF(ISNUMBER(Matches!$L$3:$L$502),Matches!$L$3:$L$502,0))+SUMPRODUCT((Matches!$B$3:$B$502=$B$3)*(Matches!$E$3:$E$502=B66)*(Matches!$O$3:$O$502="Completed")*IF(ISNUMBER(Matches!$M$3:$M$502),Matches!$M$3:$M$502,0))),"—") | I66: =IFERROR(IF(B66="","",SUMPRODUCT((Matches!$B$3:$B$502=$B$3)*(Matches!$D$3:$D$502=B66)*(Matches!$O$3:$O$502="Completed")*IF(ISNUMBER(Matches!$M$3:$M$502),Matches!$M$3:$M$502,0))+SUMPRODUCT((Matches!$B$3:$B$502=$B$3)*(Matches!$E$3:$E$502=B66)*(Matches!$O$3:$O$502="Completed")*IF(ISNUMBER(Matches!$L$3:$L$502),Matches!$L$3:$L$502,0))),"—") | J66: =IFERROR(IF(B66="","",IF(ISNUMBER(H66),H66-I66,"—")),"—")
B67: =IFERROR(INDEX(Teams!$B$3:$B$52,SMALL(IF(Teams!$A$3:$A$52="C",ROW(Teams!$A$3:$A$52)-ROW(Teams!$A$3)+1),11)),"") | C67: =IFERROR(IF(B67="","",SUMPRODUCT((Matches!$B$3:$B$502=$B$3)*(Matches!$D$3:$D$502=B67)*(Matches!$O$3:$O$502="Completed"))+SUMPRODUCT((Matches!$B$3:$B$502=$B$3)*(Matches!$E$3:$E$502=B67)*(Matches!$O$3:$O$502="Completed"))),"—") | D67: =IFERROR(IF(B67="","",SUMPRODUCT((Matches!$B$3:$B$502=$B$3)*(Matches!$D$3:$D$502=B67)*(Matches!$N$3:$N$502=B67)*(Matches!$O$3:$O$502="Completed"))+SUMPRODUCT((Matches!$B$3:$B$502=$B$3)*(Matches!$E$3:$E$502=B67)*(Matches!$N$3:$N$502=B67)*(Matches!$O$3:$O$502="Completed"))),"—") | E67: =IFERROR(IF(B67="","",SUMPRODUCT((Matches!$B$3:$B$502=$B$3)*(Matches!$D$3:$D$502=B67)*(Matches!$N$3:$N$502="Draw")*(Matches!$O$3:$O$502="Completed"))+SUMPRODUCT((Matches!$B$3:$B$502=$B$3)*(Matches!$E$3:$E$502=B67)*(Matches!$N$3:$N$502="Draw")*(Matches!$O$3:$O$502="Completed"))),"—") | F67: =IFERROR(IF(B67="","",IF(ISNUMBER(C67),C67-D67-E67,"—")),"—") | G67: =IFERROR(IF(B67="","",IF(ISNUMBER(D67),D67*Setup!$B$8+E67*Setup!$B$9+F67*Setup!$B$10,"—")),"—") | H67: =IFERROR(IF(B67="","",SUMPRODUCT((Matches!$B$3:$B$502=$B$3)*(Matches!$D$3:$D$502=B67)*(Matches!$O$3:$O$502="Completed")*IF(ISNUMBER(Matches!$L$3:$L$502),Matches!$L$3:$L$502,0))+SUMPRODUCT((Matches!$B$3:$B$502=$B$3)*(Matches!$E$3:$E$502=B67)*(Matches!$O$3:$O$502="Completed")*IF(ISNUMBER(Matches!$M$3:$M$502),Matches!$M$3:$M$502,0))),"—") | I67: =IFERROR(IF(B67="","",SUMPRODUCT((Matches!$B$3:$B$502=$B$3)*(Matches!$D$3:$D$502=B67)*(Matches!$O$3:$O$502="Completed")*IF(ISNUMBER(Matches!$M$3:$M$502),Matches!$M$3:$M$502,0))+SUMPRODUCT((Matches!$B$3:$B$502=$B$3)*(Matches!$E$3:$E$502=B67)*(Matches!$O$3:$O$502="Completed")*IF(ISNUMBER(Matches!$L$3:$L$502),Matches!$L$3:$L$502,0))),"—") | J67: =IFERROR(IF(B67="","",IF(ISNUMBER(H67),H67-I67,"—")),"—")
B68: =IFERROR(INDEX(Teams!$B$3:$B$52,SMALL(IF(Teams!$A$3:$A$52="C",ROW(Teams!$A$3:$A$52)-ROW(Teams!$A$3)+1),12)),"") | C68: =IFERROR(IF(B68="","",SUMPRODUCT((Matches!$B$3:$B$502=$B$3)*(Matches!$D$3:$D$502=B68)*(Matches!$O$3:$O$502="Completed"))+SUMPRODUCT((Matches!$B$3:$B$502=$B$3)*(Matches!$E$3:$E$502=B68)*(Matches!$O$3:$O$502="Completed"))),"—") | D68: =IFERROR(IF(B68="","",SUMPRODUCT((Matches!$B$3:$B$502=$B$3)*(Matches!$D$3:$D$502=B68)*(Matches!$N$3:$N$502=B68)*(Matches!$O$3:$O$502="Completed"))+SUMPRODUCT((Matches!$B$3:$B$502=$B$3)*(Matches!$E$3:$E$502=B68)*(Matches!$N$3:$N$502=B68)*(Matches!$O$3:$O$502="Completed"))),"—") | E68: =IFERROR(IF(B68="","",SUMPRODUCT((Matches!$B$3:$B$502=$B$3)*(Matches!$D$3:$D$502=B68)*(Matches!$N$3:$N$502="Draw")*(Matches!$O$3:$O$502="Completed"))+SUMPRODUCT((Matches!$B$3:$B$502=$B$3)*(Matches!$E$3:$E$502=B68)*(Matches!$N$3:$N$502="Draw")*(Matches!$O$3:$O$502="Completed"))),"—") | F68: =IFERROR(IF(B68="","",IF(ISNUMBER(C68),C68-D68-E68,"—")),"—") | G68: =IFERROR(IF(B68="","",IF(ISNUMBER(D68),D68*Setup!$B$8+E68*Setup!$B$9+F68*Setup!$B$10,"—")),"—") | H68: =IFERROR(IF(B68="","",SUMPRODUCT((Matches!$B$3:$B$502=$B$3)*(Matches!$D$3:$D$502=B68)*(Matches!$O$3:$O$502="Completed")*IF(ISNUMBER(Matches!$L$3:$L$502),Matches!$L$3:$L$502,0))+SUMPRODUCT((Matches!$B$3:$B$502=$B$3)*(Matches!$E$3:$E$502=B68)*(Matches!$O$3:$O$502="Completed")*IF(ISNUMBER(Matches!$M$3:$M$502),Matches!$M$3:$M$502,0))),"—") | I68: =IFERROR(IF(B68="","",SUMPRODUCT((Matches!$B$3:$B$502=$B$3)*(Matches!$D$3:$D$502=B68)*(Matches!$O$3:$O$502="Completed")*IF(ISNUMBER(Matches!$M$3:$M$502),Matches!$M$3:$M$502,0))+SUMPRODUCT((Matches!$B$3:$B$502=$B$3)*(Matches!$E$3:$E$502=B68)*(Matches!$O$3:$O$502="Completed")*IF(ISNUMBER(Matches!$L$3:$L$502),Matches!$L$3:$L$502,0))),"—") | J68: =IFERROR(IF(B68="","",IF(ISNUMBER(H68),H68-I68,"—")),"—")
B69: =IFERROR(INDEX(Teams!$B$3:$B$52,SMALL(IF(Teams!$A$3:$A$52="C",ROW(Teams!$A$3:$A$52)-ROW(Teams!$A$3)+1),13)),"") | C69: =IFERROR(IF(B69="","",SUMPRODUCT((Matches!$B$3:$B$502=$B$3)*(Matches!$D$3:$D$502=B69)*(Matches!$O$3:$O$502="Completed"))+SUMPRODUCT((Matches!$B$3:$B$502=$B$3)*(Matches!$E$3:$E$502=B69)*(Matches!$O$3:$O$502="Completed"))),"—") | D69: =IFERROR(IF(B69="","",SUMPRODUCT((Matches!$B$3:$B$502=$B$3)*(Matches!$D$3:$D$502=B69)*(Matches!$N$3:$N$502=B69)*(Matches!$O$3:$O$502="Completed"))+SUMPRODUCT((Matches!$B$3:$B$502=$B$3)*(Matches!$E$3:$E$502=B69)*(Matches!$N$3:$N$502=B69)*(Matches!$O$3:$O$502="Completed"))),"—") | E69: =IFERROR(IF(B69="","",SUMPRODUCT((Matches!$B$3:$B$502=$B$3)*(Matches!$D$3:$D$502=B69)*(Matches!$N$3:$N$502="Draw")*(Matches!$O$3:$O$502="Completed"))+SUMPRODUCT((Matches!$B$3:$B$502=$B$3)*(Matches!$E$3:$E$502=B69)*(Matches!$N$3:$N$502="Draw")*(Matches!$O$3:$O$502="Completed"))),"—") | F69: =IFERROR(IF(B69="","",IF(ISNUMBER(C69),C69-D69-E69,"—")),"—") | G69: =IFERROR(IF(B69="","",IF(ISNUMBER(D69),D69*Setup!$B$8+E69*Setup!$B$9+F69*Setup!$B$10,"—")),"—") | H69: =IFERROR(IF(B69="","",SUMPRODUCT((Matches!$B$3:$B$502=$B$3)*(Matches!$D$3:$D$502=B69)*(Matches!$O$3:$O$502="Completed")*IF(ISNUMBER(Matches!$L$3:$L$502),Matches!$L$3:$L$502,0))+SUMPRODUCT((Matches!$B$3:$B$502=$B$3)*(Matches!$E$3:$E$502=B69)*(Matches!$O$3:$O$502="Completed")*IF(ISNUMBER(Matches!$M$3:$M$502),Matches!$M$3:$M$502,0))),"—") | I69: =IFERROR(IF(B69="","",SUMPRODUCT((Matches!$B$3:$B$502=$B$3)*(Matches!$D$3:$D$502=B69)*(Matches!$O$3:$O$502="Completed")*IF(ISNUMBER(Matches!$M$3:$M$502),Matches!$M$3:$M$502,0))+SUMPRODUCT((Matches!$B$3:$B$502=$B$3)*(Matches!$E$3:$E$502=B69)*(Matches!$O$3:$O$502="Completed")*IF(ISNUMBER(Matches!$L$3:$L$502),Matches!$L$3:$L$502,0))),"—") | J69: =IFERROR(IF(B69="","",IF(ISNUMBER(H69),H69-I69,"—")),"—")
B70: =IFERROR(INDEX(Teams!$B$3:$B$52,SMALL(IF(Teams!$A$3:$A$52="C",ROW(Teams!$A$3:$A$52)-ROW(Teams!$A$3)+1),14)),"") | C70: =IFERROR(IF(B70="","",SUMPRODUCT((Matches!$B$3:$B$502=$B$3)*(Matches!$D$3:$D$502=B70)*(Matches!$O$3:$O$502="Completed"))+SUMPRODUCT((Matches!$B$3:$B$502=$B$3)*(Matches!$E$3:$E$502=B70)*(Matches!$O$3:$O$502="Completed"))),"—") | D70: =IFERROR(IF(B70="","",SUMPRODUCT((Matches!$B$3:$B$502=$B$3)*(Matches!$D$3:$D$502=B70)*(Matches!$N$3:$N$502=B70)*(Matches!$O$3:$O$502="Completed"))+SUMPRODUCT((Matches!$B$3:$B$502=$B$3)*(Matches!$E$3:$E$502=B70)*(Matches!$N$3:$N$502=B70)*(Matches!$O$3:$O$502="Completed"))),"—") | E70: =IFERROR(IF(B70="","",SUMPRODUCT((Matches!$B$3:$B$502=$B$3)*(Matches!$D$3:$D$502=B70)*(Matches!$N$3:$N$502="Draw")*(Matches!$O$3:$O$502="Completed"))+SUMPRODUCT((Matches!$B$3:$B$502=$B$3)*(Matches!$E$3:$E$502=B70)*(Matches!$N$3:$N$502="Draw")*(Matches!$O$3:$O$502="Completed"))),"—") | F70: =IFERROR(IF(B70="","",IF(ISNUMBER(C70),C70-D70-E70,"—")),"—") | G70: =IFERROR(IF(B70="","",IF(ISNUMBER(D70),D70*Setup!$B$8+E70*Setup!$B$9+F70*Setup!$B$10,"—")),"—") | H70: =IFERROR(IF(B70="","",SUMPRODUCT((Matches!$B$3:$B$502=$B$3)*(Matches!$D$3:$D$502=B70)*(Matches!$O$3:$O$502="Completed")*IF(ISNUMBER(Matches!$L$3:$L$502),Matches!$L$3:$L$502,0))+SUMPRODUCT((Matches!$B$3:$B$502=$B$3)*(Matches!$E$3:$E$502=B70)*(Matches!$O$3:$O$502="Completed")*IF(ISNUMBER(Matches!$M$3:$M$502),Matches!$M$3:$M$502,0))),"—") | I70: =IFERROR(IF(B70="","",SUMPRODUCT((Matches!$B$3:$B$502=$B$3)*(Matches!$D$3:$D$502=B70)*(Matches!$O$3:$O$502="Completed")*IF(ISNUMBER(Matches!$M$3:$M$502),Matches!$M$3:$M$502,0))+SUMPRODUCT((Matches!$B$3:$B$502=$B$3)*(Matches!$E$3:$E$502=B70)*(Matches!$O$3:$O$502="Completed")*IF(ISNUMBER(Matches!$L$3:$L$502),Matches!$L$3:$L$502,0))),"—") | J70: =IFERROR(IF(B70="","",IF(ISNUMBER(H70),H70-I70,"—")),"—")
B71: =IFERROR(INDEX(Teams!$B$3:$B$52,SMALL(IF(Teams!$A$3:$A$52="C",ROW(Teams!$A$3:$A$52)-ROW(Teams!$A$3)+1),15)),"") | C71: =IFERROR(IF(B71="","",SUMPRODUCT((Matches!$B$3:$B$502=$B$3)*(Matches!$D$3:$D$502=B71)*(Matches!$O$3:$O$502="Completed"))+SUMPRODUCT((Matches!$B$3:$B$502=$B$3)*(Matches!$E$3:$E$502=B71)*(Matches!$O$3:$O$502="Completed"))),"—") | D71: =IFERROR(IF(B71="","",SUMPRODUCT((Matches!$B$3:$B$502=$B$3)*(Matches!$D$3:$D$502=B71)*(Matches!$N$3:$N$502=B71)*(Matches!$O$3:$O$502="Completed"))+SUMPRODUCT((Matches!$B$3:$B$502=$B$3)*(Matches!$E$3:$E$502=B71)*(Matches!$N$3:$N$502=B71)*(Matches!$O$3:$O$502="Completed"))),"—") | E71: =IFERROR(IF(B71="","",SUMPRODUCT((Matches!$B$3:$B$502=$B$3)*(Matches!$D$3:$D$502=B71)*(Matches!$N$3:$N$502="Draw")*(Matches!$O$3:$O$502="Completed"))+SUMPRODUCT((Matches!$B$3:$B$502=$B$3)*(Matches!$E$3:$E$502=B71)*(Matches!$N$3:$N$502="Draw")*(Matches!$O$3:$O$502="Completed"))),"—") | F71: =IFERROR(IF(B71="","",IF(ISNUMBER(C71),C71-D71-E71,"—")),"—") | G71: =IFERROR(IF(B71="","",IF(ISNUMBER(D71),D71*Setup!$B$8+E71*Setup!$B$9+F71*Setup!$B$10,"—")),"—") | H71: =IFERROR(IF(B71="","",SUMPRODUCT((Matches!$B$3:$B$502=$B$3)*(Matches!$D$3:$D$502=B71)*(Matches!$O$3:$O$502="Completed")*IF(ISNUMBER(Matches!$L$3:$L$502),Matches!$L$3:$L$502,0))+SUMPRODUCT((Matches!$B$3:$B$502=$B$3)*(Matches!$E$3:$E$502=B71)*(Matches!$O$3:$O$502="Completed")*IF(ISNUMBER(Matches!$M$3:$M$502),Matches!$M$3:$M$502,0))),"—") | I71: =IFERROR(IF(B71="","",SUMPRODUCT((Matches!$B$3:$B$502=$B$3)*(Matches!$D$3:$D$502=B71)*(Matches!$O$3:$O$502="Completed")*IF(ISNUMBER(Matches!$M$3:$M$502),Matches!$M$3:$M$502,0))+SUMPRODUCT((Matches!$B$3:$B$502=$B$3)*(Matches!$E$3:$E$502=B71)*(Matches!$O$3:$O$502="Completed")*IF(ISNUMBER(Matches!$L$3:$L$502),Matches!$L$3:$L$502,0))),"—") | J71: =IFERROR(IF(B71="","",IF(ISNUMBER(H71),H71-I71,"—")),"—")
B72: =IFERROR(INDEX(Teams!$B$3:$B$52,SMALL(IF(Teams!$A$3:$A$52="C",ROW(Teams!$A$3:$A$52)-ROW(Teams!$A$3)+1),16)),"") | C72: =IFERROR(IF(B72="","",SUMPRODUCT((Matches!$B$3:$B$502=$B$3)*(Matches!$D$3:$D$502=B72)*(Matches!$O$3:$O$502="Completed"))+SUMPRODUCT((Matches!$B$3:$B$502=$B$3)*(Matches!$E$3:$E$502=B72)*(Matches!$O$3:$O$502="Completed"))),"—") | D72: =IFERROR(IF(B72="","",SUMPRODUCT((Matches!$B$3:$B$502=$B$3)*(Matches!$D$3:$D$502=B72)*(Matches!$N$3:$N$502=B72)*(Matches!$O$3:$O$502="Completed"))+SUMPRODUCT((Matches!$B$3:$B$502=$B$3)*(Matches!$E$3:$E$502=B72)*(Matches!$N$3:$N$502=B72)*(Matches!$O$3:$O$502="Completed"))),"—") | E72: =IFERROR(IF(B72="","",SUMPRODUCT((Matches!$B$3:$B$502=$B$3)*(Matches!$D$3:$D$502=B72)*(Matches!$N$3:$N$502="Draw")*(Matches!$O$3:$O$502="Completed"))+SUMPRODUCT((Matches!$B$3:$B$502=$B$3)*(Matches!$E$3:$E$502=B72)*(Matches!$N$3:$N$502="Draw")*(Matches!$O$3:$O$502="Completed"))),"—") | F72: =IFERROR(IF(B72="","",IF(ISNUMBER(C72),C72-D72-E72,"—")),"—") | G72: =IFERROR(IF(B72="","",IF(ISNUMBER(D72),D72*Setup!$B$8+E72*Setup!$B$9+F72*Setup!$B$10,"—")),"—") | H72: =IFERROR(IF(B72="","",SUMPRODUCT((Matches!$B$3:$B$502=$B$3)*(Matches!$D$3:$D$502=B72)*(Matches!$O$3:$O$502="Completed")*IF(ISNUMBER(Matches!$L$3:$L$502),Matches!$L$3:$L$502,0))+SUMPRODUCT((Matches!$B$3:$B$502=$B$3)*(Matches!$E$3:$E$502=B72)*(Matches!$O$3:$O$502="Completed")*IF(ISNUMBER(Matches!$M$3:$M$502),Matches!$M$3:$M$502,0))),"—") | I72: =IFERROR(IF(B72="","",SUMPRODUCT((Matches!$B$3:$B$502=$B$3)*(Matches!$D$3:$D$502=B72)*(Matches!$O$3:$O$502="Completed")*IF(ISNUMBER(Matches!$M$3:$M$502),Matches!$M$3:$M$502,0))+SUMPRODUCT((Matches!$B$3:$B$502=$B$3)*(Matches!$E$3:$E$502=B72)*(Matches!$O$3:$O$502="Completed")*IF(ISNUMBER(Matches!$L$3:$L$502),Matches!$L$3:$L$502,0))),"—") | J72: =IFERROR(IF(B72="","",IF(ISNUMBER(H72),H72-I72,"—")),"—")
B73: =IFERROR(INDEX(Teams!$B$3:$B$52,SMALL(IF(Teams!$A$3:$A$52="C",ROW(Teams!$A$3:$A$52)-ROW(Teams!$A$3)+1),17)),"") | C73: =IFERROR(IF(B73="","",SUMPRODUCT((Matches!$B$3:$B$502=$B$3)*(Matches!$D$3:$D$502=B73)*(Matches!$O$3:$O$502="Completed"))+SUMPRODUCT((Matches!$B$3:$B$502=$B$3)*(Matches!$E$3:$E$502=B73)*(Matches!$O$3:$O$502="Completed"))),"—") | D73: =IFERROR(IF(B73="","",SUMPRODUCT((Matches!$B$3:$B$502=$B$3)*(Matches!$D$3:$D$502=B73)*(Matches!$N$3:$N$502=B73)*(Matches!$O$3:$O$502="Completed"))+SUMPRODUCT((Matches!$B$3:$B$502=$B$3)*(Matches!$E$3:$E$502=B73)*(Matches!$N$3:$N$502=B73)*(Matches!$O$3:$O$502="Completed"))),"—") | E73: =IFERROR(IF(B73="","",SUMPRODUCT((Matches!$B$3:$B$502=$B$3)*(Matches!$D$3:$D$502=B73)*(Matches!$N$3:$N$502="Draw")*(Matches!$O$3:$O$502="Completed"))+SUMPRODUCT((Matches!$B$3:$B$502=$B$3)*(Matches!$E$3:$E$502=B73)*(Matches!$N$3:$N$502="Draw")*(Matches!$O$3:$O$502="Completed"))),"—") | F73: =IFERROR(IF(B73="","",IF(ISNUMBER(C73),C73-D73-E73,"—")),"—") | G73: =IFERROR(IF(B73="","",IF(ISNUMBER(D73),D73*Setup!$B$8+E73*Setup!$B$9+F73*Setup!$B$10,"—")),"—") | H73: =IFERROR(IF(B73="","",SUMPRODUCT((Matches!$B$3:$B$502=$B$3)*(Matches!$D$3:$D$502=B73)*(Matches!$O$3:$O$502="Completed")*IF(ISNUMBER(Matches!$L$3:$L$502),Matches!$L$3:$L$502,0))+SUMPRODUCT((Matches!$B$3:$B$502=$B$3)*(Matches!$E$3:$E$502=B73)*(Matches!$O$3:$O$502="Completed")*IF(ISNUMBER(Matches!$M$3:$M$502),Matches!$M$3:$M$502,0))),"—") | I73: =IFERROR(IF(B73="","",SUMPRODUCT((Matches!$B$3:$B$502=$B$3)*(Matches!$D$3:$D$502=B73)*(Matches!$O$3:$O$502="Completed")*IF(ISNUMBER(Matches!$M$3:$M$502),Matches!$M$3:$M$502,0))+SUMPRODUCT((Matches!$B$3:$B$502=$B$3)*(Matches!$E$3:$E$502=B73)*(Matches!$O$3:$O$502="Completed")*IF(ISNUMBER(Matches!$L$3:$L$502),Matches!$L$3:$L$502,0))),"—") | J73: =IFERROR(IF(B73="","",IF(ISNUMBER(H73),H73-I73,"—")),"—")
B74: =IFERROR(INDEX(Teams!$B$3:$B$52,SMALL(IF(Teams!$A$3:$A$52="C",ROW(Teams!$A$3:$A$52)-ROW(Teams!$A$3)+1),18)),"") | C74: =IFERROR(IF(B74="","",SUMPRODUCT((Matches!$B$3:$B$502=$B$3)*(Matches!$D$3:$D$502=B74)*(Matches!$O$3:$O$502="Completed"))+SUMPRODUCT((Matches!$B$3:$B$502=$B$3)*(Matches!$E$3:$E$502=B74)*(Matches!$O$3:$O$502="Completed"))),"—") | D74: =IFERROR(IF(B74="","",SUMPRODUCT((Matches!$B$3:$B$502=$B$3)*(Matches!$D$3:$D$502=B74)*(Matches!$N$3:$N$502=B74)*(Matches!$O$3:$O$502="Completed"))+SUMPRODUCT((Matches!$B$3:$B$502=$B$3)*(Matches!$E$3:$E$502=B74)*(Matches!$N$3:$N$502=B74)*(Matches!$O$3:$O$502="Completed"))),"—") | E74: =IFERROR(IF(B74="","",SUMPRODUCT((Matches!$B$3:$B$502=$B$3)*(Matches!$D$3:$D$502=B74)*(Matches!$N$3:$N$502="Draw")*(Matches!$O$3:$O$502="Completed"))+SUMPRODUCT((Matches!$B$3:$B$502=$B$3)*(Matches!$E$3:$E$502=B74)*(Matches!$N$3:$N$502="Draw")*(Matches!$O$3:$O$502="Completed"))),"—") | F74: =IFERROR(IF(B74="","",IF(ISNUMBER(C74),C74-D74-E74,"—")),"—") | G74: =IFERROR(IF(B74="","",IF(ISNUMBER(D74),D74*Setup!$B$8+E74*Setup!$B$9+F74*Setup!$B$10,"—")),"—") | H74: =IFERROR(IF(B74="","",SUMPRODUCT((Matches!$B$3:$B$502=$B$3)*(Matches!$D$3:$D$502=B74)*(Matches!$O$3:$O$502="Completed")*IF(ISNUMBER(Matches!$L$3:$L$502),Matches!$L$3:$L$502,0))+SUMPRODUCT((Matches!$B$3:$B$502=$B$3)*(Matches!$E$3:$E$502=B74)*(Matches!$O$3:$O$502="Completed")*IF(ISNUMBER(Matches!$M$3:$M$502),Matches!$M$3:$M$502,0))),"—") | I74: =IFERROR(IF(B74="","",SUMPRODUCT((Matches!$B$3:$B$502=$B$3)*(Matches!$D$3:$D$502=B74)*(Matches!$O$3:$O$502="Completed")*IF(ISNUMBER(Matches!$M$3:$M$502),Matches!$M$3:$M$502,0))+SUMPRODUCT((Matches!$B$3:$B$502=$B$3)*(Matches!$E$3:$E$502=B74)*(Matches!$O$3:$O$502="Completed")*IF(ISNUMBER(Matches!$L$3:$L$502),Matches!$L$3:$L$502,0))),"—") | J74: =IFERROR(IF(B74="","",IF(ISNUMBER(H74),H74-I74,"—")),"—")
B75: =IFERROR(INDEX(Teams!$B$3:$B$52,SMALL(IF(Teams!$A$3:$A$52="C",ROW(Teams!$A$3:$A$52)-ROW(Teams!$A$3)+1),19)),"") | C75: =IFERROR(IF(B75="","",SUMPRODUCT((Matches!$B$3:$B$502=$B$3)*(Matches!$D$3:$D$502=B75)*(Matches!$O$3:$O$502="Completed"))+SUMPRODUCT((Matches!$B$3:$B$502=$B$3)*(Matches!$E$3:$E$502=B75)*(Matches!$O$3:$O$502="Completed"))),"—") | D75: =IFERROR(IF(B75="","",SUMPRODUCT((Matches!$B$3:$B$502=$B$3)*(Matches!$D$3:$D$502=B75)*(Matches!$N$3:$N$502=B75)*(Matches!$O$3:$O$502="Completed"))+SUMPRODUCT((Matches!$B$3:$B$502=$B$3)*(Matches!$E$3:$E$502=B75)*(Matches!$N$3:$N$502=B75)*(Matches!$O$3:$O$502="Completed"))),"—") | E75: =IFERROR(IF(B75="","",SUMPRODUCT((Matches!$B$3:$B$502=$B$3)*(Matches!$D$3:$D$502=B75)*(Matches!$N$3:$N$502="Draw")*(Matches!$O$3:$O$502="Completed"))+SUMPRODUCT((Matches!$B$3:$B$502=$B$3)*(Matches!$E$3:$E$502=B75)*(Matches!$N$3:$N$502="Draw")*(Matches!$O$3:$O$502="Completed"))),"—") | F75: =IFERROR(IF(B75="","",IF(ISNUMBER(C75),C75-D75-E75,"—")),"—") | G75: =IFERROR(IF(B75="","",IF(ISNUMBER(D75),D75*Setup!$B$8+E75*Setup!$B$9+F75*Setup!$B$10,"—")),"—") | H75: =IFERROR(IF(B75="","",SUMPRODUCT((Matches!$B$3:$B$502=$B$3)*(Matches!$D$3:$D$502=B75)*(Matches!$O$3:$O$502="Completed")*IF(ISNUMBER(Matches!$L$3:$L$502),Matches!$L$3:$L$502,0))+SUMPRODUCT((Matches!$B$3:$B$502=$B$3)*(Matches!$E$3:$E$502=B75)*(Matches!$O$3:$O$502="Completed")*IF(ISNUMBER(Matches!$M$3:$M$502),Matches!$M$3:$M$502,0))),"—") | I75: =IFERROR(IF(B75="","",SUMPRODUCT((Matches!$B$3:$B$502=$B$3)*(Matches!$D$3:$D$502=B75)*(Matches!$O$3:$O$502="Completed")*IF(ISNUMBER(Matches!$M$3:$M$502),Matches!$M$3:$M$502,0))+SUMPRODUCT((Matches!$B$3:$B$502=$B$3)*(Matches!$E$3:$E$502=B75)*(Matches!$O$3:$O$502="Completed")*IF(ISNUMBER(Matches!$L$3:$L$502),Matches!$L$3:$L$502,0))),"—") | J75: =IFERROR(IF(B75="","",IF(ISNUMBER(H75),H75-I75,"—")),"—")
B76: =IFERROR(INDEX(Teams!$B$3:$B$52,SMALL(IF(Teams!$A$3:$A$52="C",ROW(Teams!$A$3:$A$52)-ROW(Teams!$A$3)+1),20)),"") | C76: =IFERROR(IF(B76="","",SUMPRODUCT((Matches!$B$3:$B$502=$B$3)*(Matches!$D$3:$D$502=B76)*(Matches!$O$3:$O$502="Completed"))+SUMPRODUCT((Matches!$B$3:$B$502=$B$3)*(Matches!$E$3:$E$502=B76)*(Matches!$O$3:$O$502="Completed"))),"—") | D76: =IFERROR(IF(B76="","",SUMPRODUCT((Matches!$B$3:$B$502=$B$3)*(Matches!$D$3:$D$502=B76)*(Matches!$N$3:$N$502=B76)*(Matches!$O$3:$O$502="Completed"))+SUMPRODUCT((Matches!$B$3:$B$502=$B$3)*(Matches!$E$3:$E$502=B76)*(Matches!$N$3:$N$502=B76)*(Matches!$O$3:$O$502="Completed"))),"—") | E76: =IFERROR(IF(B76="","",SUMPRODUCT((Matches!$B$3:$B$502=$B$3)*(Matches!$D$3:$D$502=B76)*(Matches!$N$3:$N$502="Draw")*(Matches!$O$3:$O$502="Completed"))+SUMPRODUCT((Matches!$B$3:$B$502=$B$3)*(Matches!$E$3:$E$502=B76)*(Matches!$N$3:$N$502="Draw")*(Matches!$O$3:$O$502="Completed"))),"—") | F76: =IFERROR(IF(B76="","",IF(ISNUMBER(C76),C76-D76-E76,"—")),"—") | G76: =IFERROR(IF(B76="","",IF(ISNUMBER(D76),D76*Setup!$B$8+E76*Setup!$B$9+F76*Setup!$B$10,"—")),"—") | H76: =IFERROR(IF(B76="","",SUMPRODUCT((Matches!$B$3:$B$502=$B$3)*(Matches!$D$3:$D$502=B76)*(Matches!$O$3:$O$502="Completed")*IF(ISNUMBER(Matches!$L$3:$L$502),Matches!$L$3:$L$502,0))+SUMPRODUCT((Matches!$B$3:$B$502=$B$3)*(Matches!$E$3:$E$502=B76)*(Matches!$O$3:$O$502="Completed")*IF(ISNUMBER(Matches!$M$3:$M$502),Matches!$M$3:$M$502,0))),"—") | I76: =IFERROR(IF(B76="","",SUMPRODUCT((Matches!$B$3:$B$502=$B$3)*(Matches!$D$3:$D$502=B76)*(Matches!$O$3:$O$502="Completed")*IF(ISNUMBER(Matches!$M$3:$M$502),Matches!$M$3:$M$502,0))+SUMPRODUCT((Matches!$B$3:$B$502=$B$3)*(Matches!$E$3:$E$502=B76)*(Matches!$O$3:$O$502="Completed")*IF(ISNUMBER(Matches!$L$3:$L$502),Matches!$L$3:$L$502,0))),"—") | J76: =IFERROR(IF(B76="","",IF(ISNUMBER(H76),H76-I76,"—")),"—")
A80: DIVISION D
A81: Pos | B81: Team | C81: Played | D81: Won | E81: Drawn | F81: Lost | G81: Points | H81: GF | I81: GA | J81: Diff
B82: =IFERROR(INDEX(Teams!$B$3:$B$52,SMALL(IF(Teams!$A$3:$A$52="D",ROW(Teams!$A$3:$A$52)-ROW(Teams!$A$3)+1),1)),"") | C82: =IFERROR(IF(B82="","",SUMPRODUCT((Matches!$B$3:$B$502=$B$3)*(Matches!$D$3:$D$502=B82)*(Matches!$O$3:$O$502="Completed"))+SUMPRODUCT((Matches!$B$3:$B$502=$B$3)*(Matches!$E$3:$E$502=B82)*(Matches!$O$3:$O$502="Completed"))),"—") | D82: =IFERROR(IF(B82="","",SUMPRODUCT((Matches!$B$3:$B$502=$B$3)*(Matches!$D$3:$D$502=B82)*(Matches!$N$3:$N$502=B82)*(Matches!$O$3:$O$502="Completed"))+SUMPRODUCT((Matches!$B$3:$B$502=$B$3)*(Matches!$E$3:$E$502=B82)*(Matches!$N$3:$N$502=B82)*(Matches!$O$3:$O$502="Completed"))),"—") | E82: =IFERROR(IF(B82="","",SUMPRODUCT((Matches!$B$3:$B$502=$B$3)*(Matches!$D$3:$D$502=B82)*(Matches!$N$3:$N$502="Draw")*(Matches!$O$3:$O$502="Completed"))+SUMPRODUCT((Matches!$B$3:$B$502=$B$3)*(Matches!$E$3:$E$502=B82)*(Matches!$N$3:$N$502="Draw")*(Matches!$O$3:$O$502="Completed"))),"—") | F82: =IFERROR(IF(B82="","",IF(ISNUMBER(C82),C82-D82-E82,"—")),"—") | G82: =IFERROR(IF(B82="","",IF(ISNUMBER(D82),D82*Setup!$B$8+E82*Setup!$B$9+F82*Setup!$B$10,"—")),"—") | H82: =IFERROR(IF(B82="","",SUMPRODUCT((Matches!$B$3:$B$502=$B$3)*(Matches!$D$3:$D$502=B82)*(Matches!$O$3:$O$502="Completed")*IF(ISNUMBER(Matches!$L$3:$L$502),Matches!$L$3:$L$502,0))+SUMPRODUCT((Matches!$B$3:$B$502=$B$3)*(Matches!$E$3:$E$502=B82)*(Matches!$O$3:$O$502="Completed")*IF(ISNUMBER(Matches!$M$3:$M$502),Matches!$M$3:$M$502,0))),"—") | I82: =IFERROR(IF(B82="","",SUMPRODUCT((Matches!$B$3:$B$502=$B$3)*(Matches!$D$3:$D$502=B82)*(Matches!$O$3:$O$502="Completed")*IF(ISNUMBER(Matches!$M$3:$M$502),Matches!$M$3:$M$502,0))+SUMPRODUCT((Matches!$B$3:$B$502=$B$3)*(Matches!$E$3:$E$502=B82)*(Matches!$O$3:$O$502="Completed")*IF(ISNUMBER(Matches!$L$3:$L$502),Matches!$L$3:$L$502,0))),"—") | J82: =IFERROR(IF(B82="","",IF(ISNUMBER(H82),H82-I82,"—")),"—")
B83: =IFERROR(INDEX(Teams!$B$3:$B$52,SMALL(IF(Teams!$A$3:$A$52="D",ROW(Teams!$A$3:$A$52)-ROW(Teams!$A$3)+1),2)),"") | C83: =IFERROR(IF(B83="","",SUMPRODUCT((Matches!$B$3:$B$502=$B$3)*(Matches!$D$3:$D$502=B83)*(Matches!$O$3:$O$502="Completed"))+SUMPRODUCT((Matches!$B$3:$B$502=$B$3)*(Matches!$E$3:$E$502=B83)*(Matches!$O$3:$O$502="Completed"))),"—") | D83: =IFERROR(IF(B83="","",SUMPRODUCT((Matches!$B$3:$B$502=$B$3)*(Matches!$D$3:$D$502=B83)*(Matches!$N$3:$N$502=B83)*(Matches!$O$3:$O$502="Completed"))+SUMPRODUCT((Matches!$B$3:$B$502=$B$3)*(Matches!$E$3:$E$502=B83)*(Matches!$N$3:$N$502=B83)*(Matches!$O$3:$O$502="Completed"))),"—") | E83: =IFERROR(IF(B83="","",SUMPRODUCT((Matches!$B$3:$B$502=$B$3)*(Matches!$D$3:$D$502=B83)*(Matches!$N$3:$N$502="Draw")*(Matches!$O$3:$O$502="Completed"))+SUMPRODUCT((Matches!$B$3:$B$502=$B$3)*(Matches!$E$3:$E$502=B83)*(Matches!$N$3:$N$502="Draw")*(Matches!$O$3:$O$502="Completed"))),"—") | F83: =IFERROR(IF(B83="","",IF(ISNUMBER(C83),C83-D83-E83,"—")),"—") | G83: =IFERROR(IF(B83="","",IF(ISNUMBER(D83),D83*Setup!$B$8+E83*Setup!$B$9+F83*Setup!$B$10,"—")),"—") | H83: =IFERROR(IF(B83="","",SUMPRODUCT((Matches!$B$3:$B$502=$B$3)*(Matches!$D$3:$D$502=B83)*(Matches!$O$3:$O$502="Completed")*IF(ISNUMBER(Matches!$L$3:$L$502),Matches!$L$3:$L$502,0))+SUMPRODUCT((Matches!$B$3:$B$502=$B$3)*(Matches!$E$3:$E$502=B83)*(Matches!$O$3:$O$502="Completed")*IF(ISNUMBER(Matches!$M$3:$M$502),Matches!$M$3:$M$502,0))),"—") | I83: =IFERROR(IF(B83="","",SUMPRODUCT((Matches!$B$3:$B$502=$B$3)*(Matches!$D$3:$D$502=B83)*(Matches!$O$3:$O$502="Completed")*IF(ISNUMBER(Matches!$M$3:$M$502),Matches!$M$3:$M$502,0))+SUMPRODUCT((Matches!$B$3:$B$502=$B$3)*(Matches!$E$3:$E$502=B83)*(Matches!$O$3:$O$502="Completed")*IF(ISNUMBER(Matches!$L$3:$L$502),Matches!$L$3:$L$502,0))),"—") | J83: =IFERROR(IF(B83="","",IF(ISNUMBER(H83),H83-I83,"—")),"—")
B84: =IFERROR(INDEX(Teams!$B$3:$B$52,SMALL(IF(Teams!$A$3:$A$52="D",ROW(Teams!$A$3:$A$52)-ROW(Teams!$A$3)+1),3)),"") | C84: =IFERROR(IF(B84="","",SUMPRODUCT((Matches!$B$3:$B$502=$B$3)*(Matches!$D$3:$D$502=B84)*(Matches!$O$3:$O$502="Completed"))+SUMPRODUCT((Matches!$B$3:$B$502=$B$3)*(Matches!$E$3:$E$502=B84)*(Matches!$O$3:$O$502="Completed"))),"—") | D84: =IFERROR(IF(B84="","",SUMPRODUCT((Matches!$B$3:$B$502=$B$3)*(Matches!$D$3:$D$502=B84)*(Matches!$N$3:$N$502=B84)*(Matches!$O$3:$O$502="Completed"))+SUMPRODUCT((Matches!$B$3:$B$502=$B$3)*(Matches!$E$3:$E$502=B84)*(Matches!$N$3:$N$502=B84)*(Matches!$O$3:$O$502="Completed"))),"—") | E84: =IFERROR(IF(B84="","",SUMPRODUCT((Matches!$B$3:$B$502=$B$3)*(Matches!$D$3:$D$502=B84)*(Matches!$N$3:$N$502="Draw")*(Matches!$O$3:$O$502="Completed"))+SUMPRODUCT((Matches!$B$3:$B$502=$B$3)*(Matches!$E$3:$E$502=B84)*(Matches!$N$3:$N$502="Draw")*(Matches!$O$3:$O$502="Completed"))),"—") | F84: =IFERROR(IF(B84="","",IF(ISNUMBER(C84),C84-D84-E84,"—")),"—") | G84: =IFERROR(IF(B84="","",IF(ISNUMBER(D84),D84*Setup!$B$8+E84*Setup!$B$9+F84*Setup!$B$10,"—")),"—") | H84: =IFERROR(IF(B84="","",SUMPRODUCT((Matches!$B$3:$B$502=$B$3)*(Matches!$D$3:$D$502=B84)*(Matches!$O$3:$O$502="Completed")*IF(ISNUMBER(Matches!$L$3:$L$502),Matches!$L$3:$L$502,0))+SUMPRODUCT((Matches!$B$3:$B$502=$B$3)*(Matches!$E$3:$E$502=B84)*(Matches!$O$3:$O$502="Completed")*IF(ISNUMBER(Matches!$M$3:$M$502),Matches!$M$3:$M$502,0))),"—") | I84: =IFERROR(IF(B84="","",SUMPRODUCT((Matches!$B$3:$B$502=$B$3)*(Matches!$D$3:$D$502=B84)*(Matches!$O$3:$O$502="Completed")*IF(ISNUMBER(Matches!$M$3:$M$502),Matches!$M$3:$M$502,0))+SUMPRODUCT((Matches!$B$3:$B$502=$B$3)*(Matches!$E$3:$E$502=B84)*(Matches!$O$3:$O$502="Completed")*IF(ISNUMBER(Matches!$L$3:$L$502),Matches!$L$3:$L$502,0))),"—") | J84: =IFERROR(IF(B84="","",IF(ISNUMBER(H84),H84-I84,"—")),"—")
B85: =IFERROR(INDEX(Teams!$B$3:$B$52,SMALL(IF(Teams!$A$3:$A$52="D",ROW(Teams!$A$3:$A$52)-ROW(Teams!$A$3)+1),4)),"") | C85: =IFERROR(IF(B85="","",SUMPRODUCT((Matches!$B$3:$B$502=$B$3)*(Matches!$D$3:$D$502=B85)*(Matches!$O$3:$O$502="Completed"))+SUMPRODUCT((Matches!$B$3:$B$502=$B$3)*(Matches!$E$3:$E$502=B85)*(Matches!$O$3:$O$502="Completed"))),"—") | D85: =IFERROR(IF(B85="","",SUMPRODUCT((Matches!$B$3:$B$502=$B$3)*(Matches!$D$3:$D$502=B85)*(Matches!$N$3:$N$502=B85)*(Matches!$O$3:$O$502="Completed"))+SUMPRODUCT((Matches!$B$3:$B$502=$B$3)*(Matches!$E$3:$E$502=B85)*(Matches!$N$3:$N$502=B85)*(Matches!$O$3:$O$502="Completed"))),"—") | E85: =IFERROR(IF(B85="","",SUMPRODUCT((Matches!$B$3:$B$502=$B$3)*(Matches!$D$3:$D$502=B85)*(Matches!$N$3:$N$502="Draw")*(Matches!$O$3:$O$502="Completed"))+SUMPRODUCT((Matches!$B$3:$B$502=$B$3)*(Matches!$E$3:$E$502=B85)*(Matches!$N$3:$N$502="Draw")*(Matches!$O$3:$O$502="Completed"))),"—") | F85: =IFERROR(IF(B85="","",IF(ISNUMBER(C85),C85-D85-E85,"—")),"—") | G85: =IFERROR(IF(B85="","",IF(ISNUMBER(D85),D85*Setup!$B$8+E85*Setup!$B$9+F85*Setup!$B$10,"—")),"—") | H85: =IFERROR(IF(B85="","",SUMPRODUCT((Matches!$B$3:$B$502=$B$3)*(Matches!$D$3:$D$502=B85)*(Matches!$O$3:$O$502="Completed")*IF(ISNUMBER(Matches!$L$3:$L$502),Matches!$L$3:$L$502,0))+SUMPRODUCT((Matches!$B$3:$B$502=$B$3)*(Matches!$E$3:$E$502=B85)*(Matches!$O$3:$O$502="Completed")*IF(ISNUMBER(Matches!$M$3:$M$502),Matches!$M$3:$M$502,0))),"—") | I85: =IFERROR(IF(B85="","",SUMPRODUCT((Matches!$B$3:$B$502=$B$3)*(Matches!$D$3:$D$502=B85)*(Matches!$O$3:$O$502="Completed")*IF(ISNUMBER(Matches!$M$3:$M$502),Matches!$M$3:$M$502,0))+SUMPRODUCT((Matches!$B$3:$B$502=$B$3)*(Matches!$E$3:$E$502=B85)*(Matches!$O$3:$O$502="Completed")*IF(ISNUMBER(Matches!$L$3:$L$502),Matches!$L$3:$L$502,0))),"—") | J85: =IFERROR(IF(B85="","",IF(ISNUMBER(H85),H85-I85,"—")),"—")
B86: =IFERROR(INDEX(Teams!$B$3:$B$52,SMALL(IF(Teams!$A$3:$A$52="D",ROW(Teams!$A$3:$A$52)-ROW(Teams!$A$3)+1),5)),"") | C86: =IFERROR(IF(B86="","",SUMPRODUCT((Matches!$B$3:$B$502=$B$3)*(Matches!$D$3:$D$502=B86)*(Matches!$O$3:$O$502="Completed"))+SUMPRODUCT((Matches!$B$3:$B$502=$B$3)*(Matches!$E$3:$E$502=B86)*(Matches!$O$3:$O$502="Completed"))),"—") | D86: =IFERROR(IF(B86="","",SUMPRODUCT((Matches!$B$3:$B$502=$B$3)*(Matches!$D$3:$D$502=B86)*(Matches!$N$3:$N$502=B86)*(Matches!$O$3:$O$502="Completed"))+SUMPRODUCT((Matches!$B$3:$B$502=$B$3)*(Matches!$E$3:$E$502=B86)*(Matches!$N$3:$N$502=B86)*(Matches!$O$3:$O$502="Completed"))),"—") | E86: =IFERROR(IF(B86="","",SUMPRODUCT((Matches!$B$3:$B$502=$B$3)*(Matches!$D$3:$D$502=B86)*(Matches!$N$3:$N$502="Draw")*(Matches!$O$3:$O$502="Completed"))+SUMPRODUCT((Matches!$B$3:$B$502=$B$3)*(Matches!$E$3:$E$502=B86)*(Matches!$N$3:$N$502="Draw")*(Matches!$O$3:$O$502="Completed"))),"—") | F86: =IFERROR(IF(B86="","",IF(ISNUMBER(C86),C86-D86-E86,"—")),"—") | G86: =IFERROR(IF(B86="","",IF(ISNUMBER(D86),D86*Setup!$B$8+E86*Setup!$B$9+F86*Setup!$B$10,"—")),"—") | H86: =IFERROR(IF(B86="","",SUMPRODUCT((Matches!$B$3:$B$502=$B$3)*(Matches!$D$3:$D$502=B86)*(Matches!$O$3:$O$502="Completed")*IF(ISNUMBER(Matches!$L$3:$L$502),Matches!$L$3:$L$502,0))+SUMPRODUCT((Matches!$B$3:$B$502=$B$3)*(Matches!$E$3:$E$502=B86)*(Matches!$O$3:$O$502="Completed")*IF(ISNUMBER(Matches!$M$3:$M$502),Matches!$M$3:$M$502,0))),"—") | I86: =IFERROR(IF(B86="","",SUMPRODUCT((Matches!$B$3:$B$502=$B$3)*(Matches!$D$3:$D$502=B86)*(Matches!$O$3:$O$502="Completed")*IF(ISNUMBER(Matches!$M$3:$M$502),Matches!$M$3:$M$502,0))+SUMPRODUCT((Matches!$B$3:$B$502=$B$3)*(Matches!$E$3:$E$502=B86)*(Matches!$O$3:$O$502="Completed")*IF(ISNUMBER(Matches!$L$3:$L$502),Matches!$L$3:$L$502,0))),"—") | J86: =IFERROR(IF(B86="","",IF(ISNUMBER(H86),H86-I86,"—")),"—")
B87: =IFERROR(INDEX(Teams!$B$3:$B$52,SMALL(IF(Teams!$A$3:$A$52="D",ROW(Teams!$A$3:$A$52)-ROW(Teams!$A$3)+1),6)),"") | C87: =IFERROR(IF(B87="","",SUMPRODUCT((Matches!$B$3:$B$502=$B$3)*(Matches!$D$3:$D$502=B87)*(Matches!$O$3:$O$502="Completed"))+SUMPRODUCT((Matches!$B$3:$B$502=$B$3)*(Matches!$E$3:$E$502=B87)*(Matches!$O$3:$O$502="Completed"))),"—") | D87: =IFERROR(IF(B87="","",SUMPRODUCT((Matches!$B$3:$B$502=$B$3)*(Matches!$D$3:$D$502=B87)*(Matches!$N$3:$N$502=B87)*(Matches!$O$3:$O$502="Completed"))+SUMPRODUCT((Matches!$B$3:$B$502=$B$3)*(Matches!$E$3:$E$502=B87)*(Matches!$N$3:$N$502=B87)*(Matches!$O$3:$O$502="Completed"))),"—") | E87: =IFERROR(IF(B87="","",SUMPRODUCT((Matches!$B$3:$B$502=$B$3)*(Matches!$D$3:$D$502=B87)*(Matches!$N$3:$N$502="Draw")*(Matches!$O$3:$O$502="Completed"))+SUMPRODUCT((Matches!$B$3:$B$502=$B$3)*(Matches!$E$3:$E$502=B87)*(Matches!$N$3:$N$502="Draw")*(Matches!$O$3:$O$502="Completed"))),"—") | F87: =IFERROR(IF(B87="","",IF(ISNUMBER(C87),C87-D87-E87,"—")),"—") | G87: =IFERROR(IF(B87="","",IF(ISNUMBER(D87),D87*Setup!$B$8+E87*Setup!$B$9+F87*Setup!$B$10,"—")),"—") | H87: =IFERROR(IF(B87="","",SUMPRODUCT((Matches!$B$3:$B$502=$B$3)*(Matches!$D$3:$D$502=B87)*(Matches!$O$3:$O$502="Completed")*IF(ISNUMBER(Matches!$L$3:$L$502),Matches!$L$3:$L$502,0))+SUMPRODUCT((Matches!$B$3:$B$502=$B$3)*(Matches!$E$3:$E$502=B87)*(Matches!$O$3:$O$502="Completed")*IF(ISNUMBER(Matches!$M$3:$M$502),Matches!$M$3:$M$502,0))),"—") | I87: =IFERROR(IF(B87="","",SUMPRODUCT((Matches!$B$3:$B$502=$B$3)*(Matches!$D$3:$D$502=B87)*(Matches!$O$3:$O$502="Completed")*IF(ISNUMBER(Matches!$M$3:$M$502),Matches!$M$3:$M$502,0))+SUMPRODUCT((Matches!$B$3:$B$502=$B$3)*(Matches!$E$3:$E$502=B87)*(Matches!$O$3:$O$502="Completed")*IF(ISNUMBER(Matches!$L$3:$L$502),Matches!$L$3:$L$502,0))),"—") | J87: =IFERROR(IF(B87="","",IF(ISNUMBER(H87),H87-I87,"—")),"—")
B88: =IFERROR(INDEX(Teams!$B$3:$B$52,SMALL(IF(Teams!$A$3:$A$52="D",ROW(Teams!$A$3:$A$52)-ROW(Teams!$A$3)+1),7)),"") | C88: =IFERROR(IF(B88="","",SUMPRODUCT((Matches!$B$3:$B$502=$B$3)*(Matches!$D$3:$D$502=B88)*(Matches!$O$3:$O$502="Completed"))+SUMPRODUCT((Matches!$B$3:$B$502=$B$3)*(Matches!$E$3:$E$502=B88)*(Matches!$O$3:$O$502="Completed"))),"—") | D88: =IFERROR(IF(B88="","",SUMPRODUCT((Matches!$B$3:$B$502=$B$3)*(Matches!$D$3:$D$502=B88)*(Matches!$N$3:$N$502=B88)*(Matches!$O$3:$O$502="Completed"))+SUMPRODUCT((Matches!$B$3:$B$502=$B$3)*(Matches!$E$3:$E$502=B88)*(Matches!$N$3:$N$502=B88)*(Matches!$O$3:$O$502="Completed"))),"—") | E88: =IFERROR(IF(B88="","",SUMPRODUCT((Matches!$B$3:$B$502=$B$3)*(Matches!$D$3:$D$502=B88)*(Matches!$N$3:$N$502="Draw")*(Matches!$O$3:$O$502="Completed"))+SUMPRODUCT((Matches!$B$3:$B$502=$B$3)*(Matches!$E$3:$E$502=B88)*(Matches!$N$3:$N$502="Draw")*(Matches!$O$3:$O$502="Completed"))),"—") | F88: =IFERROR(IF(B88="","",IF(ISNUMBER(C88),C88-D88-E88,"—")),"—") | G88: =IFERROR(IF(B88="","",IF(ISNUMBER(D88),D88*Setup!$B$8+E88*Setup!$B$9+F88*Setup!$B$10,"—")),"—") | H88: =IFERROR(IF(B88="","",SUMPRODUCT((Matches!$B$3:$B$502=$B$3)*(Matches!$D$3:$D$502=B88)*(Matches!$O$3:$O$502="Completed")*IF(ISNUMBER(Matches!$L$3:$L$502),Matches!$L$3:$L$502,0))+SUMPRODUCT((Matches!$B$3:$B$502=$B$3)*(Matches!$E$3:$E$502=B88)*(Matches!$O$3:$O$502="Completed")*IF(ISNUMBER(Matches!$M$3:$M$502),Matches!$M$3:$M$502,0))),"—") | I88: =IFERROR(IF(B88="","",SUMPRODUCT((Matches!$B$3:$B$502=$B$3)*(Matches!$D$3:$D$502=B88)*(Matches!$O$3:$O$502="Completed")*IF(ISNUMBER(Matches!$M$3:$M$502),Matches!$M$3:$M$502,0))+SUMPRODUCT((Matches!$B$3:$B$502=$B$3)*(Matches!$E$3:$E$502=B88)*(Matches!$O$3:$O$502="Completed")*IF(ISNUMBER(Matches!$L$3:$L$502),Matches!$L$3:$L$502,0))),"—") | J88: =IFERROR(IF(B88="","",IF(ISNUMBER(H88),H88-I88,"—")),"—")
B89: =IFERROR(INDEX(Teams!$B$3:$B$52,SMALL(IF(Teams!$A$3:$A$52="D",ROW(Teams!$A$3:$A$52)-ROW(Teams!$A$3)+1),8)),"") | C89: =IFERROR(IF(B89="","",SUMPRODUCT((Matches!$B$3:$B$502=$B$3)*(Matches!$D$3:$D$502=B89)*(Matches!$O$3:$O$502="Completed"))+SUMPRODUCT((Matches!$B$3:$B$502=$B$3)*(Matches!$E$3:$E$502=B89)*(Matches!$O$3:$O$502="Completed"))),"—") | D89: =IFERROR(IF(B89="","",SUMPRODUCT((Matches!$B$3:$B$502=$B$3)*(Matches!$D$3:$D$502=B89)*(Matches!$N$3:$N$502=B89)*(Matches!$O$3:$O$502="Completed"))+SUMPRODUCT((Matches!$B$3:$B$502=$B$3)*(Matches!$E$3:$E$502=B89)*(Matches!$N$3:$N$502=B89)*(Matches!$O$3:$O$502="Completed"))),"—") | E89: =IFERROR(IF(B89="","",SUMPRODUCT((Matches!$B$3:$B$502=$B$3)*(Matches!$D$3:$D$502=B89)*(Matches!$N$3:$N$502="Draw")*(Matches!$O$3:$O$502="Completed"))+SUMPRODUCT((Matches!$B$3:$B$502=$B$3)*(Matches!$E$3:$E$502=B89)*(Matches!$N$3:$N$502="Draw")*(Matches!$O$3:$O$502="Completed"))),"—") | F89: =IFERROR(IF(B89="","",IF(ISNUMBER(C89),C89-D89-E89,"—")),"—") | G89: =IFERROR(IF(B89="","",IF(ISNUMBER(D89),D89*Setup!$B$8+E89*Setup!$B$9+F89*Setup!$B$10,"—")),"—") | H89: =IFERROR(IF(B89="","",SUMPRODUCT((Matches!$B$3:$B$502=$B$3)*(Matches!$D$3:$D$502=B89)*(Matches!$O$3:$O$502="Completed")*IF(ISNUMBER(Matches!$L$3:$L$502),Matches!$L$3:$L$502,0))+SUMPRODUCT((Matches!$B$3:$B$502=$B$3)*(Matches!$E$3:$E$502=B89)*(Matches!$O$3:$O$502="Completed")*IF(ISNUMBER(Matches!$M$3:$M$502),Matches!$M$3:$M$502,0))),"—") | I89: =IFERROR(IF(B89="","",SUMPRODUCT((Matches!$B$3:$B$502=$B$3)*(Matches!$D$3:$D$502=B89)*(Matches!$O$3:$O$502="Completed")*IF(ISNUMBER(Matches!$M$3:$M$502),Matches!$M$3:$M$502,0))+SUMPRODUCT((Matches!$B$3:$B$502=$B$3)*(Matches!$E$3:$E$502=B89)*(Matches!$O$3:$O$502="Completed")*IF(ISNUMBER(Matches!$L$3:$L$502),Matches!$L$3:$L$502,0))),"—") | J89: =IFERROR(IF(B89="","",IF(ISNUMBER(H89),H89-I89,"—")),"—")
B90: =IFERROR(INDEX(Teams!$B$3:$B$52,SMALL(IF(Teams!$A$3:$A$52="D",ROW(Teams!$A$3:$A$52)-ROW(Teams!$A$3)+1),9)),"") | C90: =IFERROR(IF(B90="","",SUMPRODUCT((Matches!$B$3:$B$502=$B$3)*(Matches!$D$3:$D$502=B90)*(Matches!$O$3:$O$502="Completed"))+SUMPRODUCT((Matches!$B$3:$B$502=$B$3)*(Matches!$E$3:$E$502=B90)*(Matches!$O$3:$O$502="Completed"))),"—") | D90: =IFERROR(IF(B90="","",SUMPRODUCT((Matches!$B$3:$B$502=$B$3)*(Matches!$D$3:$D$502=B90)*(Matches!$N$3:$N$502=B90)*(Matches!$O$3:$O$502="Completed"))+SUMPRODUCT((Matches!$B$3:$B$502=$B$3)*(Matches!$E$3:$E$502=B90)*(Matches!$N$3:$N$502=B90)*(Matches!$O$3:$O$502="Completed"))),"—") | E90: =IFERROR(IF(B90="","",SUMPRODUCT((Matches!$B$3:$B$502=$B$3)*(Matches!$D$3:$D$502=B90)*(Matches!$N$3:$N$502="Draw")*(Matches!$O$3:$O$502="Completed"))+SUMPRODUCT((Matches!$B$3:$B$502=$B$3)*(Matches!$E$3:$E$502=B90)*(Matches!$N$3:$N$502="Draw")*(Matches!$O$3:$O$502="Completed"))),"—") | F90: =IFERROR(IF(B90="","",IF(ISNUMBER(C90),C90-D90-E90,"—")),"—") | G90: =IFERROR(IF(B90="","",IF(ISNUMBER(D90),D90*Setup!$B$8+E90*Setup!$B$9+F90*Setup!$B$10,"—")),"—") | H90: =IFERROR(IF(B90="","",SUMPRODUCT((Matches!$B$3:$B$502=$B$3)*(Matches!$D$3:$D$502=B90)*(Matches!$O$3:$O$502="Completed")*IF(ISNUMBER(Matches!$L$3:$L$502),Matches!$L$3:$L$502,0))+SUMPRODUCT((Matches!$B$3:$B$502=$B$3)*(Matches!$E$3:$E$502=B90)*(Matches!$O$3:$O$502="Completed")*IF(ISNUMBER(Matches!$M$3:$M$502),Matches!$M$3:$M$502,0))),"—") | I90: =IFERROR(IF(B90="","",SUMPRODUCT((Matches!$B$3:$B$502=$B$3)*(Matches!$D$3:$D$502=B90)*(Matches!$O$3:$O$502="Completed")*IF(ISNUMBER(Matches!$M$3:$M$502),Matches!$M$3:$M$502,0))+SUMPRODUCT((Matches!$B$3:$B$502=$B$3)*(Matches!$E$3:$E$502=B90)*(Matches!$O$3:$O$502="Completed")*IF(ISNUMBER(Matches!$L$3:$L$502),Matches!$L$3:$L$502,0))),"—") | J90: =IFERROR(IF(B90="","",IF(ISNUMBER(H90),H90-I90,"—")),"—")
B91: =IFERROR(INDEX(Teams!$B$3:$B$52,SMALL(IF(Teams!$A$3:$A$52="D",ROW(Teams!$A$3:$A$52)-ROW(Teams!$A$3)+1),10)),"") | C91: =IFERROR(IF(B91="","",SUMPRODUCT((Matches!$B$3:$B$502=$B$3)*(Matches!$D$3:$D$502=B91)*(Matches!$O$3:$O$502="Completed"))+SUMPRODUCT((Matches!$B$3:$B$502=$B$3)*(Matches!$E$3:$E$502=B91)*(Matches!$O$3:$O$502="Completed"))),"—") | D91: =IFERROR(IF(B91="","",SUMPRODUCT((Matches!$B$3:$B$502=$B$3)*(Matches!$D$3:$D$502=B91)*(Matches!$N$3:$N$502=B91)*(Matches!$O$3:$O$502="Completed"))+SUMPRODUCT((Matches!$B$3:$B$502=$B$3)*(Matches!$E$3:$E$502=B91)*(Matches!$N$3:$N$502=B91)*(Matches!$O$3:$O$502="Completed"))),"—") | E91: =IFERROR(IF(B91="","",SUMPRODUCT((Matches!$B$3:$B$502=$B$3)*(Matches!$D$3:$D$502=B91)*(Matches!$N$3:$N$502="Draw")*(Matches!$O$3:$O$502="Completed"))+SUMPRODUCT((Matches!$B$3:$B$502=$B$3)*(Matches!$E$3:$E$502=B91)*(Matches!$N$3:$N$502="Draw")*(Matches!$O$3:$O$502="Completed"))),"—") | F91: =IFERROR(IF(B91="","",IF(ISNUMBER(C91),C91-D91-E91,"—")),"—") | G91: =IFERROR(IF(B91="","",IF(ISNUMBER(D91),D91*Setup!$B$8+E91*Setup!$B$9+F91*Setup!$B$10,"—")),"—") | H91: =IFERROR(IF(B91="","",SUMPRODUCT((Matches!$B$3:$B$502=$B$3)*(Matches!$D$3:$D$502=B91)*(Matches!$O$3:$O$502="Completed")*IF(ISNUMBER(Matches!$L$3:$L$502),Matches!$L$3:$L$502,0))+SUMPRODUCT((Matches!$B$3:$B$502=$B$3)*(Matches!$E$3:$E$502=B91)*(Matches!$O$3:$O$502="Completed")*IF(ISNUMBER(Matches!$M$3:$M$502),Matches!$M$3:$M$502,0))),"—") | I91: =IFERROR(IF(B91="","",SUMPRODUCT((Matches!$B$3:$B$502=$B$3)*(Matches!$D$3:$D$502=B91)*(Matches!$O$3:$O$502="Completed")*IF(ISNUMBER(Matches!$M$3:$M$502),Matches!$M$3:$M$502,0))+SUMPRODUCT((Matches!$B$3:$B$502=$B$3)*(Matches!$E$3:$E$502=B91)*(Matches!$O$3:$O$502="Completed")*IF(ISNUMBER(Matches!$L$3:$L$502),Matches!$L$3:$L$502,0))),"—") | J91: =IFERROR(IF(B91="","",IF(ISNUMBER(H91),H91-I91,"—")),"—")
B92: =IFERROR(INDEX(Teams!$B$3:$B$52,SMALL(IF(Teams!$A$3:$A$52="D",ROW(Teams!$A$3:$A$52)-ROW(Teams!$A$3)+1),11)),"") | C92: =IFERROR(IF(B92="","",SUMPRODUCT((Matches!$B$3:$B$502=$B$3)*(Matches!$D$3:$D$502=B92)*(Matches!$O$3:$O$502="Completed"))+SUMPRODUCT((Matches!$B$3:$B$502=$B$3)*(Matches!$E$3:$E$502=B92)*(Matches!$O$3:$O$502="Completed"))),"—") | D92: =IFERROR(IF(B92="","",SUMPRODUCT((Matches!$B$3:$B$502=$B$3)*(Matches!$D$3:$D$502=B92)*(Matches!$N$3:$N$502=B92)*(Matches!$O$3:$O$502="Completed"))+SUMPRODUCT((Matches!$B$3:$B$502=$B$3)*(Matches!$E$3:$E$502=B92)*(Matches!$N$3:$N$502=B92)*(Matches!$O$3:$O$502="Completed"))),"—") | E92: =IFERROR(IF(B92="","",SUMPRODUCT((Matches!$B$3:$B$502=$B$3)*(Matches!$D$3:$D$502=B92)*(Matches!$N$3:$N$502="Draw")*(Matches!$O$3:$O$502="Completed"))+SUMPRODUCT((Matches!$B$3:$B$502=$B$3)*(Matches!$E$3:$E$502=B92)*(Matches!$N$3:$N$502="Draw")*(Matches!$O$3:$O$502="Completed"))),"—") | F92: =IFERROR(IF(B92="","",IF(ISNUMBER(C92),C92-D92-E92,"—")),"—") | G92: =IFERROR(IF(B92="","",IF(ISNUMBER(D92),D92*Setup!$B$8+E92*Setup!$B$9+F92*Setup!$B$10,"—")),"—") | H92: =IFERROR(IF(B92="","",SUMPRODUCT((Matches!$B$3:$B$502=$B$3)*(Matches!$D$3:$D$502=B92)*(Matches!$O$3:$O$502="Completed")*IF(ISNUMBER(Matches!$L$3:$L$502),Matches!$L$3:$L$502,0))+SUMPRODUCT((Matches!$B$3:$B$502=$B$3)*(Matches!$E$3:$E$502=B92)*(Matches!$O$3:$O$502="Completed")*IF(ISNUMBER(Matches!$M$3:$M$502),Matches!$M$3:$M$502,0))),"—") | I92: =IFERROR(IF(B92="","",SUMPRODUCT((Matches!$B$3:$B$502=$B$3)*(Matches!$D$3:$D$502=B92)*(Matches!$O$3:$O$502="Completed")*IF(ISNUMBER(Matches!$M$3:$M$502),Matches!$M$3:$M$502,0))+SUMPRODUCT((Matches!$B$3:$B$502=$B$3)*(Matches!$E$3:$E$502=B92)*(Matches!$O$3:$O$502="Completed")*IF(ISNUMBER(Matches!$L$3:$L$502),Matches!$L$3:$L$502,0))),"—") | J92: =IFERROR(IF(B92="","",IF(ISNUMBER(H92),H92-I92,"—")),"—")
B93: =IFERROR(INDEX(Teams!$B$3:$B$52,SMALL(IF(Teams!$A$3:$A$52="D",ROW(Teams!$A$3:$A$52)-ROW(Teams!$A$3)+1),12)),"") | C93: =IFERROR(IF(B93="","",SUMPRODUCT((Matches!$B$3:$B$502=$B$3)*(Matches!$D$3:$D$502=B93)*(Matches!$O$3:$O$502="Completed"))+SUMPRODUCT((Matches!$B$3:$B$502=$B$3)*(Matches!$E$3:$E$502=B93)*(Matches!$O$3:$O$502="Completed"))),"—") | D93: =IFERROR(IF(B93="","",SUMPRODUCT((Matches!$B$3:$B$502=$B$3)*(Matches!$D$3:$D$502=B93)*(Matches!$N$3:$N$502=B93)*(Matches!$O$3:$O$502="Completed"))+SUMPRODUCT((Matches!$B$3:$B$502=$B$3)*(Matches!$E$3:$E$502=B93)*(Matches!$N$3:$N$502=B93)*(Matches!$O$3:$O$502="Completed"))),"—") | E93: =IFERROR(IF(B93="","",SUMPRODUCT((Matches!$B$3:$B$502=$B$3)*(Matches!$D$3:$D$502=B93)*(Matches!$N$3:$N$502="Draw")*(Matches!$O$3:$O$502="Completed"))+SUMPRODUCT((Matches!$B$3:$B$502=$B$3)*(Matches!$E$3:$E$502=B93)*(Matches!$N$3:$N$502="Draw")*(Matches!$O$3:$O$502="Completed"))),"—") | F93: =IFERROR(IF(B93="","",IF(ISNUMBER(C93),C93-D93-E93,"—")),"—") | G93: =IFERROR(IF(B93="","",IF(ISNUMBER(D93),D93*Setup!$B$8+E93*Setup!$B$9+F93*Setup!$B$10,"—")),"—") | H93: =IFERROR(IF(B93="","",SUMPRODUCT((Matches!$B$3:$B$502=$B$3)*(Matches!$D$3:$D$502=B93)*(Matches!$O$3:$O$502="Completed")*IF(ISNUMBER(Matches!$L$3:$L$502),Matches!$L$3:$L$502,0))+SUMPRODUCT((Matches!$B$3:$B$502=$B$3)*(Matches!$E$3:$E$502=B93)*(Matches!$O$3:$O$502="Completed")*IF(ISNUMBER(Matches!$M$3:$M$502),Matches!$M$3:$M$502,0))),"—") | I93: =IFERROR(IF(B93="","",SUMPRODUCT((Matches!$B$3:$B$502=$B$3)*(Matches!$D$3:$D$502=B93)*(Matches!$O$3:$O$502="Completed")*IF(ISNUMBER(Matches!$M$3:$M$502),Matches!$M$3:$M$502,0))+SUMPRODUCT((Matches!$B$3:$B$502=$B$3)*(Matches!$E$3:$E$502=B93)*(Matches!$O$3:$O$502="Completed")*IF(ISNUMBER(Matches!$L$3:$L$502),Matches!$L$3:$L$502,0))),"—") | J93: =IFERROR(IF(B93="","",IF(ISNUMBER(H93),H93-I93,"—")),"—")
B94: =IFERROR(INDEX(Teams!$B$3:$B$52,SMALL(IF(Teams!$A$3:$A$52="D",ROW(Teams!$A$3:$A$52)-ROW(Teams!$A$3)+1),13)),"") | C94: =IFERROR(IF(B94="","",SUMPRODUCT((Matches!$B$3:$B$502=$B$3)*(Matches!$D$3:$D$502=B94)*(Matches!$O$3:$O$502="Completed"))+SUMPRODUCT((Matches!$B$3:$B$502=$B$3)*(Matches!$E$3:$E$502=B94)*(Matches!$O$3:$O$502="Completed"))),"—") | D94: =IFERROR(IF(B94="","",SUMPRODUCT((Matches!$B$3:$B$502=$B$3)*(Matches!$D$3:$D$502=B94)*(Matches!$N$3:$N$502=B94)*(Matches!$O$3:$O$502="Completed"))+SUMPRODUCT((Matches!$B$3:$B$502=$B$3)*(Matches!$E$3:$E$502=B94)*(Matches!$N$3:$N$502=B94)*(Matches!$O$3:$O$502="Completed"))),"—") | E94: =IFERROR(IF(B94="","",SUMPRODUCT((Matches!$B$3:$B$502=$B$3)*(Matches!$D$3:$D$502=B94)*(Matches!$N$3:$N$502="Draw")*(Matches!$O$3:$O$502="Completed"))+SUMPRODUCT((Matches!$B$3:$B$502=$B$3)*(Matches!$E$3:$E$502=B94)*(Matches!$N$3:$N$502="Draw")*(Matches!$O$3:$O$502="Completed"))),"—") | F94: =IFERROR(IF(B94="","",IF(ISNUMBER(C94),C94-D94-E94,"—")),"—") | G94: =IFERROR(IF(B94="","",IF(ISNUMBER(D94),D94*Setup!$B$8+E94*Setup!$B$9+F94*Setup!$B$10,"—")),"—") | H94: =IFERROR(IF(B94="","",SUMPRODUCT((Matches!$B$3:$B$502=$B$3)*(Matches!$D$3:$D$502=B94)*(Matches!$O$3:$O$502="Completed")*IF(ISNUMBER(Matches!$L$3:$L$502),Matches!$L$3:$L$502,0))+SUMPRODUCT((Matches!$B$3:$B$502=$B$3)*(Matches!$E$3:$E$502=B94)*(Matches!$O$3:$O$502="Completed")*IF(ISNUMBER(Matches!$M$3:$M$502),Matches!$M$3:$M$502,0))),"—") | I94: =IFERROR(IF(B94="","",SUMPRODUCT((Matches!$B$3:$B$502=$B$3)*(Matches!$D$3:$D$502=B94)*(Matches!$O$3:$O$502="Completed")*IF(ISNUMBER(Matches!$M$3:$M$502),Matches!$M$3:$M$502,0))+SUMPRODUCT((Matches!$B$3:$B$502=$B$3)*(Matches!$E$3:$E$502=B94)*(Matches!$O$3:$O$502="Completed")*IF(ISNUMBER(Matches!$L$3:$L$502),Matches!$L$3:$L$502,0))),"—") | J94: =IFERROR(IF(B94="","",IF(ISNUMBER(H94),H94-I94,"—")),"—")
B95: =IFERROR(INDEX(Teams!$B$3:$B$52,SMALL(IF(Teams!$A$3:$A$52="D",ROW(Teams!$A$3:$A$52)-ROW(Teams!$A$3)+1),14)),"") | C95: =IFERROR(IF(B95="","",SUMPRODUCT((Matches!$B$3:$B$502=$B$3)*(Matches!$D$3:$D$502=B95)*(Matches!$O$3:$O$502="Completed"))+SUMPRODUCT((Matches!$B$3:$B$502=$B$3)*(Matches!$E$3:$E$502=B95)*(Matches!$O$3:$O$502="Completed"))),"—") | D95: =IFERROR(IF(B95="","",SUMPRODUCT((Matches!$B$3:$B$502=$B$3)*(Matches!$D$3:$D$502=B95)*(Matches!$N$3:$N$502=B95)*(Matches!$O$3:$O$502="Completed"))+SUMPRODUCT((Matches!$B$3:$B$502=$B$3)*(Matches!$E$3:$E$502=B95)*(Matches!$N$3:$N$502=B95)*(Matches!$O$3:$O$502="Completed"))),"—") | E95: =IFERROR(IF(B95="","",SUMPRODUCT((Matches!$B$3:$B$502=$B$3)*(Matches!$D$3:$D$502=B95)*(Matches!$N$3:$N$502="Draw")*(Matches!$O$3:$O$502="Completed"))+SUMPRODUCT((Matches!$B$3:$B$502=$B$3)*(Matches!$E$3:$E$502=B95)*(Matches!$N$3:$N$502="Draw")*(Matches!$O$3:$O$502="Completed"))),"—") | F95: =IFERROR(IF(B95="","",IF(ISNUMBER(C95),C95-D95-E95,"—")),"—") | G95: =IFERROR(IF(B95="","",IF(ISNUMBER(D95),D95*Setup!$B$8+E95*Setup!$B$9+F95*Setup!$B$10,"—")),"—") | H95: =IFERROR(IF(B95="","",SUMPRODUCT((Matches!$B$3:$B$502=$B$3)*(Matches!$D$3:$D$502=B95)*(Matches!$O$3:$O$502="Completed")*IF(ISNUMBER(Matches!$L$3:$L$502),Matches!$L$3:$L$502,0))+SUMPRODUCT((Matches!$B$3:$B$502=$B$3)*(Matches!$E$3:$E$502=B95)*(Matches!$O$3:$O$502="Completed")*IF(ISNUMBER(Matches!$M$3:$M$502),Matches!$M$3:$M$502,0))),"—") | I95: =IFERROR(IF(B95="","",SUMPRODUCT((Matches!$B$3:$B$502=$B$3)*(Matches!$D$3:$D$502=B95)*(Matches!$O$3:$O$502="Completed")*IF(ISNUMBER(Matches!$M$3:$M$502),Matches!$M$3:$M$502,0))+SUMPRODUCT((Matches!$B$3:$B$502=$B$3)*(Matches!$E$3:$E$502=B95)*(Matches!$O$3:$O$502="Completed")*IF(ISNUMBER(Matches!$L$3:$L$502),Matches!$L$3:$L$502,0))),"—") | J95: =IFERROR(IF(B95="","",IF(ISNUMBER(H95),H95-I95,"—")),"—")
B96: =IFERROR(INDEX(Teams!$B$3:$B$52,SMALL(IF(Teams!$A$3:$A$52="D",ROW(Teams!$A$3:$A$52)-ROW(Teams!$A$3)+1),15)),"") | C96: =IFERROR(IF(B96="","",SUMPRODUCT((Matches!$B$3:$B$502=$B$3)*(Matches!$D$3:$D$502=B96)*(Matches!$O$3:$O$502="Completed"))+SUMPRODUCT((Matches!$B$3:$B$502=$B$3)*(Matches!$E$3:$E$502=B96)*(Matches!$O$3:$O$502="Completed"))),"—") | D96: =IFERROR(IF(B96="","",SUMPRODUCT((Matches!$B$3:$B$502=$B$3)*(Matches!$D$3:$D$502=B96)*(Matches!$N$3:$N$502=B96)*(Matches!$O$3:$O$502="Completed"))+SUMPRODUCT((Matches!$B$3:$B$502=$B$3)*(Matches!$E$3:$E$502=B96)*(Matches!$N$3:$N$502=B96)*(Matches!$O$3:$O$502="Completed"))),"—") | E96: =IFERROR(IF(B96="","",SUMPRODUCT((Matches!$B$3:$B$502=$B$3)*(Matches!$D$3:$D$502=B96)*(Matches!$N$3:$N$502="Draw")*(Matches!$O$3:$O$502="Completed"))+SUMPRODUCT((Matches!$B$3:$B$502=$B$3)*(Matches!$E$3:$E$502=B96)*(Matches!$N$3:$N$502="Draw")*(Matches!$O$3:$O$502="Completed"))),"—") | F96: =IFERROR(IF(B96="","",IF(ISNUMBER(C96),C96-D96-E96,"—")),"—") | G96: =IFERROR(IF(B96="","",IF(ISNUMBER(D96),D96*Setup!$B$8+E96*Setup!$B$9+F96*Setup!$B$10,"—")),"—") | H96: =IFERROR(IF(B96="","",SUMPRODUCT((Matches!$B$3:$B$502=$B$3)*(Matches!$D$3:$D$502=B96)*(Matches!$O$3:$O$502="Completed")*IF(ISNUMBER(Matches!$L$3:$L$502),Matches!$L$3:$L$502,0))+SUMPRODUCT((Matches!$B$3:$B$502=$B$3)*(Matches!$E$3:$E$502=B96)*(Matches!$O$3:$O$502="Completed")*IF(ISNUMBER(Matches!$M$3:$M$502),Matches!$M$3:$M$502,0))),"—") | I96: =IFERROR(IF(B96="","",SUMPRODUCT((Matches!$B$3:$B$502=$B$3)*(Matches!$D$3:$D$502=B96)*(Matches!$O$3:$O$502="Completed")*IF(ISNUMBER(Matches!$M$3:$M$502),Matches!$M$3:$M$502,0))+SUMPRODUCT((Matches!$B$3:$B$502=$B$3)*(Matches!$E$3:$E$502=B96)*(Matches!$O$3:$O$502="Completed")*IF(ISNUMBER(Matches!$L$3:$L$502),Matches!$L$3:$L$502,0))),"—") | J96: =IFERROR(IF(B96="","",IF(ISNUMBER(H96),H96-I96,"—")),"—")
B97: =IFERROR(INDEX(Teams!$B$3:$B$52,SMALL(IF(Teams!$A$3:$A$52="D",ROW(Teams!$A$3:$A$52)-ROW(Teams!$A$3)+1),16)),"") | C97: =IFERROR(IF(B97="","",SUMPRODUCT((Matches!$B$3:$B$502=$B$3)*(Matches!$D$3:$D$502=B97)*(Matches!$O$3:$O$502="Completed"))+SUMPRODUCT((Matches!$B$3:$B$502=$B$3)*(Matches!$E$3:$E$502=B97)*(Matches!$O$3:$O$502="Completed"))),"—") | D97: =IFERROR(IF(B97="","",SUMPRODUCT((Matches!$B$3:$B$502=$B$3)*(Matches!$D$3:$D$502=B97)*(Matches!$N$3:$N$502=B97)*(Matches!$O$3:$O$502="Completed"))+SUMPRODUCT((Matches!$B$3:$B$502=$B$3)*(Matches!$E$3:$E$502=B97)*(Matches!$N$3:$N$502=B97)*(Matches!$O$3:$O$502="Completed"))),"—") | E97: =IFERROR(IF(B97="","",SUMPRODUCT((Matches!$B$3:$B$502=$B$3)*(Matches!$D$3:$D$502=B97)*(Matches!$N$3:$N$502="Draw")*(Matches!$O$3:$O$502="Completed"))+SUMPRODUCT((Matches!$B$3:$B$502=$B$3)*(Matches!$E$3:$E$502=B97)*(Matches!$N$3:$N$502="Draw")*(Matches!$O$3:$O$502="Completed"))),"—") | F97: =IFERROR(IF(B97="","",IF(ISNUMBER(C97),C97-D97-E97,"—")),"—") | G97: =IFERROR(IF(B97="","",IF(ISNUMBER(D97),D97*Setup!$B$8+E97*Setup!$B$9+F97*Setup!$B$10,"—")),"—") | H97: =IFERROR(IF(B97="","",SUMPRODUCT((Matches!$B$3:$B$502=$B$3)*(Matches!$D$3:$D$502=B97)*(Matches!$O$3:$O$502="Completed")*IF(ISNUMBER(Matches!$L$3:$L$502),Matches!$L$3:$L$502,0))+SUMPRODUCT((Matches!$B$3:$B$502=$B$3)*(Matches!$E$3:$E$502=B97)*(Matches!$O$3:$O$502="Completed")*IF(ISNUMBER(Matches!$M$3:$M$502),Matches!$M$3:$M$502,0))),"—") | I97: =IFERROR(IF(B97="","",SUMPRODUCT((Matches!$B$3:$B$502=$B$3)*(Matches!$D$3:$D$502=B97)*(Matches!$O$3:$O$502="Completed")*IF(ISNUMBER(Matches!$M$3:$M$502),Matches!$M$3:$M$502,0))+SUMPRODUCT((Matches!$B$3:$B$502=$B$3)*(Matches!$E$3:$E$502=B97)*(Matches!$O$3:$O$502="Completed")*IF(ISNUMBER(Matches!$L$3:$L$502),Matches!$L$3:$L$502,0))),"—") | J97: =IFERROR(IF(B97="","",IF(ISNUMBER(H97),H97-I97,"—")),"—")
B98: =IFERROR(INDEX(Teams!$B$3:$B$52,SMALL(IF(Teams!$A$3:$A$52="D",ROW(Teams!$A$3:$A$52)-ROW(Teams!$A$3)+1),17)),"") | C98: =IFERROR(IF(B98="","",SUMPRODUCT((Matches!$B$3:$B$502=$B$3)*(Matches!$D$3:$D$502=B98)*(Matches!$O$3:$O$502="Completed"))+SUMPRODUCT((Matches!$B$3:$B$502=$B$3)*(Matches!$E$3:$E$502=B98)*(Matches!$O$3:$O$502="Completed"))),"—") | D98: =IFERROR(IF(B98="","",SUMPRODUCT((Matches!$B$3:$B$502=$B$3)*(Matches!$D$3:$D$502=B98)*(Matches!$N$3:$N$502=B98)*(Matches!$O$3:$O$502="Completed"))+SUMPRODUCT((Matches!$B$3:$B$502=$B$3)*(Matches!$E$3:$E$502=B98)*(Matches!$N$3:$N$502=B98)*(Matches!$O$3:$O$502="Completed"))),"—") | E98: =IFERROR(IF(B98="","",SUMPRODUCT((Matches!$B$3:$B$502=$B$3)*(Matches!$D$3:$D$502=B98)*(Matches!$N$3:$N$502="Draw")*(Matches!$O$3:$O$502="Completed"))+SUMPRODUCT((Matches!$B$3:$B$502=$B$3)*(Matches!$E$3:$E$502=B98)*(Matches!$N$3:$N$502="Draw")*(Matches!$O$3:$O$502="Completed"))),"—") | F98: =IFERROR(IF(B98="","",IF(ISNUMBER(C98),C98-D98-E98,"—")),"—") | G98: =IFERROR(IF(B98="","",IF(ISNUMBER(D98),D98*Setup!$B$8+E98*Setup!$B$9+F98*Setup!$B$10,"—")),"—") | H98: =IFERROR(IF(B98="","",SUMPRODUCT((Matches!$B$3:$B$502=$B$3)*(Matches!$D$3:$D$502=B98)*(Matches!$O$3:$O$502="Completed")*IF(ISNUMBER(Matches!$L$3:$L$502),Matches!$L$3:$L$502,0))+SUMPRODUCT((Matches!$B$3:$B$502=$B$3)*(Matches!$E$3:$E$502=B98)*(Matches!$O$3:$O$502="Completed")*IF(ISNUMBER(Matches!$M$3:$M$502),Matches!$M$3:$M$502,0))),"—") | I98: =IFERROR(IF(B98="","",SUMPRODUCT((Matches!$B$3:$B$502=$B$3)*(Matches!$D$3:$D$502=B98)*(Matches!$O$3:$O$502="Completed")*IF(ISNUMBER(Matches!$M$3:$M$502),Matches!$M$3:$M$502,0))+SUMPRODUCT((Matches!$B$3:$B$502=$B$3)*(Matches!$E$3:$E$502=B98)*(Matches!$O$3:$O$502="Completed")*IF(ISNUMBER(Matches!$L$3:$L$502),Matches!$L$3:$L$502,0))),"—") | J98: =IFERROR(IF(B98="","",IF(ISNUMBER(H98),H98-I98,"—")),"—")
B99: =IFERROR(INDEX(Teams!$B$3:$B$52,SMALL(IF(Teams!$A$3:$A$52="D",ROW(Teams!$A$3:$A$52)-ROW(Teams!$A$3)+1),18)),"") | C99: =IFERROR(IF(B99="","",SUMPRODUCT((Matches!$B$3:$B$502=$B$3)*(Matches!$D$3:$D$502=B99)*(Matches!$O$3:$O$502="Completed"))+SUMPRODUCT((Matches!$B$3:$B$502=$B$3)*(Matches!$E$3:$E$502=B99)*(Matches!$O$3:$O$502="Completed"))),"—") | D99: =IFERROR(IF(B99="","",SUMPRODUCT((Matches!$B$3:$B$502=$B$3)*(Matches!$D$3:$D$502=B99)*(Matches!$N$3:$N$502=B99)*(Matches!$O$3:$O$502="Completed"))+SUMPRODUCT((Matches!$B$3:$B$502=$B$3)*(Matches!$E$3:$E$502=B99)*(Matches!$N$3:$N$502=B99)*(Matches!$O$3:$O$502="Completed"))),"—") | E99: =IFERROR(IF(B99="","",SUMPRODUCT((Matches!$B$3:$B$502=$B$3)*(Matches!$D$3:$D$502=B99)*(Matches!$N$3:$N$502="Draw")*(Matches!$O$3:$O$502="Completed"))+SUMPRODUCT((Matches!$B$3:$B$502=$B$3)*(Matches!$E$3:$E$502=B99)*(Matches!$N$3:$N$502="Draw")*(Matches!$O$3:$O$502="Completed"))),"—") | F99: =IFERROR(IF(B99="","",IF(ISNUMBER(C99),C99-D99-E99,"—")),"—") | G99: =IFERROR(IF(B99="","",IF(ISNUMBER(D99),D99*Setup!$B$8+E99*Setup!$B$9+F99*Setup!$B$10,"—")),"—") | H99: =IFERROR(IF(B99="","",SUMPRODUCT((Matches!$B$3:$B$502=$B$3)*(Matches!$D$3:$D$502=B99)*(Matches!$O$3:$O$502="Completed")*IF(ISNUMBER(Matches!$L$3:$L$502),Matches!$L$3:$L$502,0))+SUMPRODUCT((Matches!$B$3:$B$502=$B$3)*(Matches!$E$3:$E$502=B99)*(Matches!$O$3:$O$502="Completed")*IF(ISNUMBER(Matches!$M$3:$M$502),Matches!$M$3:$M$502,0))),"—") | I99: =IFERROR(IF(B99="","",SUMPRODUCT((Matches!$B$3:$B$502=$B$3)*(Matches!$D$3:$D$502=B99)*(Matches!$O$3:$O$502="Completed")*IF(ISNUMBER(Matches!$M$3:$M$502),Matches!$M$3:$M$502,0))+SUMPRODUCT((Matches!$B$3:$B$502=$B$3)*(Matches!$E$3:$E$502=B99)*(Matches!$O$3:$O$502="Completed")*IF(ISNUMBER(Matches!$L$3:$L$502),Matches!$L$3:$L$502,0))),"—") | J99: =IFERROR(IF(B99="","",IF(ISNUMBER(H99),H99-I99,"—")),"—")
B100: =IFERROR(INDEX(Teams!$B$3:$B$52,SMALL(IF(Teams!$A$3:$A$52="D",ROW(Teams!$A$3:$A$52)-ROW(Teams!$A$3)+1),19)),"") | C100: =IFERROR(IF(B100="","",SUMPRODUCT((Matches!$B$3:$B$502=$B$3)*(Matches!$D$3:$D$502=B100)*(Matches!$O$3:$O$502="Completed"))+SUMPRODUCT((Matches!$B$3:$B$502=$B$3)*(Matches!$E$3:$E$502=B100)*(Matches!$O$3:$O$502="Completed"))),"—") | D100: =IFERROR(IF(B100="","",SUMPRODUCT((Matches!$B$3:$B$502=$B$3)*(Matches!$D$3:$D$502=B100)*(Matches!$N$3:$N$502=B100)*(Matches!$O$3:$O$502="Completed"))+SUMPRODUCT((Matches!$B$3:$B$502=$B$3)*(Matches!$E$3:$E$502=B100)*(Matches!$N$3:$N$502=B100)*(Matches!$O$3:$O$502="Completed"))),"—") | E100: =IFERROR(IF(B100="","",SUMPRODUCT((Matches!$B$3:$B$502=$B$3)*(Matches!$D$3:$D$502=B100)*(Matches!$N$3:$N$502="Draw")*(Matches!$O$3:$O$502="Completed"))+SUMPRODUCT((Matches!$B$3:$B$502=$B$3)*(Matches!$E$3:$E$502=B100)*(Matches!$N$3:$N$502="Draw")*(Matches!$O$3:$O$502="Completed"))),"—") | F100: =IFERROR(IF(B100="","",IF(ISNUMBER(C100),C100-D100-E100,"—")),"—") | G100: =IFERROR(IF(B100="","",IF(ISNUMBER(D100),D100*Setup!$B$8+E100*Setup!$B$9+F100*Setup!$B$10,"—")),"—") | H100: =IFERROR(IF(B100="","",SUMPRODUCT((Matches!$B$3:$B$502=$B$3)*(Matches!$D$3:$D$502=B100)*(Matches!$O$3:$O$502="Completed")*IF(ISNUMBER(Matches!$L$3:$L$502),Matches!$L$3:$L$502,0))+SUMPRODUCT((Matches!$B$3:$B$502=$B$3)*(Matches!$E$3:$E$502=B100)*(Matches!$O$3:$O$502="Completed")*IF(ISNUMBER(Matches!$M$3:$M$502),Matches!$M$3:$M$502,0))),"—") | I100: =IFERROR(IF(B100="","",SUMPRODUCT((Matches!$B$3:$B$502=$B$3)*(Matches!$D$3:$D$502=B100)*(Matches!$O$3:$O$502="Completed")*IF(ISNUMBER(Matches!$M$3:$M$502),Matches!$M$3:$M$502,0))+SUMPRODUCT((Matches!$B$3:$B$502=$B$3)*(Matches!$E$3:$E$502=B100)*(Matches!$O$3:$O$502="Completed")*IF(ISNUMBER(Matches!$L$3:$L$502),Matches!$L$3:$L$502,0))),"—") | J100: =IFERROR(IF(B100="","",IF(ISNUMBER(H100),H100-I100,"—")),"—")
B101: =IFERROR(INDEX(Teams!$B$3:$B$52,SMALL(IF(Teams!$A$3:$A$52="D",ROW(Teams!$A$3:$A$52)-ROW(Teams!$A$3)+1),20)),"") | C101: =IFERROR(IF(B101="","",SUMPRODUCT((Matches!$B$3:$B$502=$B$3)*(Matches!$D$3:$D$502=B101)*(Matches!$O$3:$O$502="Completed"))+SUMPRODUCT((Matches!$B$3:$B$502=$B$3)*(Matches!$E$3:$E$502=B101)*(Matches!$O$3:$O$502="Completed"))),"—") | D101: =IFERROR(IF(B101="","",SUMPRODUCT((Matches!$B$3:$B$502=$B$3)*(Matches!$D$3:$D$502=B101)*(Matches!$N$3:$N$502=B101)*(Matches!$O$3:$O$502="Completed"))+SUMPRODUCT((Matches!$B$3:$B$502=$B$3)*(Matches!$E$3:$E$502=B101)*(Matches!$N$3:$N$502=B101)*(Matches!$O$3:$O$502="Completed"))),"—") | E101: =IFERROR(IF(B101="","",SUMPRODUCT((Matches!$B$3:$B$502=$B$3)*(Matches!$D$3:$D$502=B101)*(Matches!$N$3:$N$502="Draw")*(Matches!$O$3:$O$502="Completed"))+SUMPRODUCT((Matches!$B$3:$B$502=$B$3)*(Matches!$E$3:$E$502=B101)*(Matches!$N$3:$N$502="Draw")*(Matches!$O$3:$O$502="Completed"))),"—") | F101: =IFERROR(IF(B101="","",IF(ISNUMBER(C101),C101-D101-E101,"—")),"—") | G101: =IFERROR(IF(B101="","",IF(ISNUMBER(D101),D101*Setup!$B$8+E101*Setup!$B$9+F101*Setup!$B$10,"—")),"—") | H101: =IFERROR(IF(B101="","",SUMPRODUCT((Matches!$B$3:$B$502=$B$3)*(Matches!$D$3:$D$502=B101)*(Matches!$O$3:$O$502="Completed")*IF(ISNUMBER(Matches!$L$3:$L$502),Matches!$L$3:$L$502,0))+SUMPRODUCT((Matches!$B$3:$B$502=$B$3)*(Matches!$E$3:$E$502=B101)*(Matches!$O$3:$O$502="Completed")*IF(ISNUMBER(Matches!$M$3:$M$502),Matches!$M$3:$M$502,0))),"—") | I101: =IFERROR(IF(B101="","",SUMPRODUCT((Matches!$B$3:$B$502=$B$3)*(Matches!$D$3:$D$502=B101)*(Matches!$O$3:$O$502="Completed")*IF(ISNUMBER(Matches!$M$3:$M$502),Matches!$M$3:$M$502,0))+SUMPRODUCT((Matches!$B$3:$B$502=$B$3)*(Matches!$E$3:$E$502=B101)*(Matches!$O$3:$O$502="Completed")*IF(ISNUMBER(Matches!$L$3:$L$502),Matches!$L$3:$L$502,0))),"—") | J101: =IFERROR(IF(B101="","",IF(ISNUMBER(H101),H101-I101,"—")),"—")
A105: Note: Sort the Leaderboard by Points (col G) then Diff (col J) descending to assign positions.

Sheet Macro Code
A1: VBA MACRO CODE — Generate Matches
A3: HOW TO ADD MACROS TO EXCEL:
A4: 1. Save this file as Tournament.xlsm (File > Save As > Excel Macro-Enabled Workbook)
A5: 2. Press Alt + F11 to open the VBA Editor
A6: 3. Click Insert > Module
A7: 4. Copy and paste ALL the code below into the module
A8: 5. Close the VBA editor (Alt + F4)
A9: 6. To run: Developer tab > Macros > select GenerateMatches > Run
A10: (Or add a button: Developer tab > Insert > Button > assign GenerateMatches macro)
A12: ════════════════════════════════════════════════════════════════════════════════
A15: ' ════════════════════════════════════════════════════════════════════
A16: ' Boules Tournament Manager — Excel Macros
... A166: End Sub
